,Director,Has 10,Has 11,Has 12,Has 13,Has 9,Has Amy Pond,Has Auton,Has Bill,Has Captain Jack Harkness,Has Clara,Has Clive,Has Cyberman,Has Dalek,Has Danny Pink,Has Donna Noble,Has Evil Santa,Has Futurekind,Has Grace,Has Graham O'Brien,Has Jackie Tyler,Has Judoon,Has Kate Lethbridge-Stewart,Has Martha Jones,Has Mickey Smith,Has Nardole,Has Ood,Has Osgood,Has River Song,Has Rory,Has Rose Tyler,Has Ryan Sinclair,Has Sarah Jane Smith,Has Silent,Has The Doctor,Has The Master,Has The War Doctor,Has Weeping Angel,Has Yasmin Khan,Has Zygon,Producer,Writer,broadcasthour,chart,date,description,doctorid,duration,episode_id,rating,season,share,title,views,votes,weekday
89,Keith Boak,0,0,0,0,1,0.0,1.0,0.0,0.0,0.0,1.0,0.0,0.0,0.0,0.0,0.0,0.0,0.0,0.0,1.0,0.0,0.0,0.0,1.0,0.0,0.0,0.0,0.0,0.0,1.0,0.0,0.0,0.0,1,0.0,0.0,0.0,0.0,0.0,Phil Collinson,Russell T Davies,7:00pm,7,2005-03-26,When ordinary shop-worker Rose Tyler meets a mysterious stranger called the Doctor she is drawn into his strange and dangerous world; her life will never be the same again.,9,00:44:14,27-1,7.6,27,44.8,Rose,10.81,6504,Sat
51,Euros Lyn,0,0,0,0,1,0.0,0.0,0.0,0.0,0.0,0.0,0.0,0.0,0.0,0.0,0.0,0.0,0.0,0.0,1.0,0.0,0.0,0.0,0.0,0.0,0.0,0.0,0.0,0.0,1.0,0.0,0.0,0.0,1,0.0,0.0,0.0,0.0,0.0,Phil Collinson,Russell T Davies,6:59pm,19,2005-04-02,The Doctor takes Rose to the year 5 billion to witness the destruction of the Earth.,9,00:44:45,27-2,7.6,27,37.8,The End of the World,7.97,5684,Sat
143,Euros Lyn,0,0,0,0,1,0.0,0.0,0.0,0.0,0.0,0.0,0.0,0.0,0.0,0.0,0.0,0.0,0.0,0.0,0.0,0.0,0.0,0.0,0.0,0.0,0.0,0.0,0.0,0.0,1.0,0.0,0.0,0.0,1,0.0,0.0,0.0,0.0,0.0,Phil Collinson,Mark Gatiss,7:00pm,15,2005-04-09,The Doctor has great expectations for his latest adventure when he and Rose join forces with Charles Dickens to investigate a mysterious plague of zombies.,9,00:44:50,27-3,7.6,27,37.8,The Unquiet Dead,8.86,5326,Sat
35,Keith Boak,0,0,0,0,1,0.0,0.0,0.0,0.0,0.0,0.0,0.0,0.0,0.0,0.0,0.0,0.0,0.0,0.0,1.0,0.0,0.0,0.0,1.0,0.0,0.0,0.0,0.0,0.0,1.0,0.0,0.0,0.0,1,0.0,0.0,0.0,0.0,0.0,Phil Collinson,Russell T Davies,7:00pm,18,2005-04-16,"The Doctor returns Rose to her own time - well, sort of - but her family reunion is ruined when a spaceship crashes in the middle of London. What is the origin of the spaceship, and where has the Prime Minister gone in this time of crisis?",9,00:45:05,27-4,7.0,27,35.7,Aliens of London,7.63,5116,Sat
68,Keith Boak,0,0,0,0,1,0.0,0.0,0.0,0.0,0.0,0.0,0.0,0.0,0.0,0.0,0.0,0.0,0.0,0.0,1.0,0.0,0.0,0.0,1.0,0.0,0.0,0.0,0.0,0.0,1.0,0.0,0.0,0.0,1,0.0,0.0,0.0,0.0,0.0,Phil Collinson,Russell T Davies,7:01pm,20,2005-04-23,The Slitheen have infiltrated Parliament and have the Doctor and his friends trapped as the Doctor works to prevent them from starting World War Three.,9,00:40:40,27-5,7.1,27,40.2,World War Three,7.98,4943,Sat
112,Joe Ahearne,0,0,0,0,1,0.0,0.0,0.0,0.0,0.0,0.0,0.0,0.0,0.0,0.0,0.0,0.0,0.0,0.0,0.0,0.0,0.0,0.0,0.0,0.0,0.0,0.0,0.0,0.0,1.0,0.0,0.0,0.0,1,0.0,0.0,0.0,0.0,0.0,Phil Collinson,Robert Shearman,6:59pm,14,2005-04-30,"The TARDIS is drawn to an alien museum deep below the Utah desert, where a ruthless billionaire keeps prisoner the last of the Doctor's most fearsome enemies.",9,00:45:20,27-6,8.7,27,44.9,Dalek,8.63,5636,Sat
135,Brian Grant,0,0,0,0,1,0.0,0.0,0.0,0.0,0.0,0.0,0.0,0.0,0.0,0.0,0.0,0.0,0.0,0.0,0.0,0.0,0.0,0.0,0.0,0.0,0.0,0.0,0.0,0.0,1.0,0.0,0.0,0.0,1,0.0,0.0,0.0,0.0,0.0,Phil Collinson,Russell T Davies,7:00pm,17,2005-05-07,"In the year 200,000 the Doctor discovers that a satellite with a dark secret is controlling humanity and slowing its development.",9,00:44:25,27-7,7.2,27,40.4,The Long Game,8.01,4872,Sat
27,Joe Ahearne,0,0,0,0,1,0.0,0.0,0.0,0.0,0.0,0.0,0.0,0.0,0.0,0.0,0.0,0.0,0.0,0.0,1.0,0.0,0.0,0.0,0.0,0.0,0.0,0.0,0.0,0.0,1.0,0.0,0.0,0.0,1,0.0,0.0,0.0,0.0,0.0,Phil Collinson,Paul Cornell,7:01pm,17,2005-05-14,"All of her life, Rose's mother told how great a man her father Pete was. He was killed by a hit and run driver when Rose was just a baby and among her many regrets was that her father died alone, just lying on the street. Rose asks the Doctor to take her back to that day. Rather than just be with him when he dies, she actually saves him and later admits that this was her plan all along. She soon realizes that her parents' marriage was not exactly the golden relationship she had claimed it to be. Far worse however, is that by saving her father, Rose has created a tear ...",9,00:42:50,27-8,8.4,27,44.4,Father's Day,8.06,5433,Sat
60,James Hawes,0,0,0,0,1,0.0,0.0,0.0,1.0,0.0,0.0,0.0,0.0,0.0,0.0,0.0,0.0,0.0,0.0,0.0,0.0,0.0,0.0,0.0,0.0,0.0,0.0,0.0,0.0,1.0,0.0,0.0,0.0,1,0.0,0.0,0.0,0.0,0.0,Phil Collinson,Steven Moffat,6:29pm,21,2005-05-21,"When a spaceship crashes in the middle of the London Blitz the Doctor, Rose and the enigmatic Captain Jack Harkness find themselves investigating a plague of physical injuries and a little boy in a gas mask.",9,00:41:50,27-9,9.2,27,37.0,The Empty Child,7.11,6659,Sat
99,James Hawes,0,0,0,0,1,0.0,0.0,0.0,1.0,0.0,0.0,0.0,0.0,0.0,0.0,0.0,0.0,0.0,0.0,0.0,0.0,0.0,0.0,0.0,0.0,0.0,0.0,0.0,0.0,1.0,0.0,0.0,0.0,1,0.0,0.0,0.0,0.0,0.0,Phil Collinson,Steven Moffat,6:59pm,18,2005-05-28,The gas mask zombies are on the rise as the plague spreads across war-torn London.,9,00:42:50,27-10,9.1,27,39.0,The Doctor Dances,6.86,6108,Sat
120,Joe Ahearne,0,0,0,0,1,0.0,0.0,0.0,1.0,0.0,0.0,0.0,0.0,0.0,0.0,0.0,0.0,0.0,0.0,0.0,0.0,0.0,0.0,0.0,0.0,0.0,0.0,0.0,0.0,1.0,0.0,0.0,0.0,1,0.0,0.0,0.0,0.0,0.0,Phil Collinson,Russell T Davies,7:01pm,18,2005-06-04,"Stopping off in present-day Cardiff to recharge the TARDIS, The Doctor, Rose and Jack encounter an old foe in the midst of hatching a scheme that could destroy the entire planet.",9,00:43:15,27-11,7.2,27,39.0,Boom Town,7.68,4631,Sat
15,Joe Ahearne,0,0,0,0,1,0.0,0.0,0.0,1.0,0.0,0.0,0.0,0.0,0.0,0.0,0.0,0.0,0.0,0.0,0.0,0.0,0.0,0.0,0.0,0.0,0.0,0.0,0.0,0.0,1.0,0.0,0.0,0.0,1,0.0,0.0,0.0,0.0,0.0,Phil Collinson,Russell T Davies,7:00pm,19,2005-06-11,The TARDIS team is separated and forced to compete in twisted and deadly games on the Game Station.,9,00:42:50,27-12,8.7,27,37.9,Bad Wolf,6.81,5314,Sat
43,Joe Ahearne,0,0,0,0,1,0.0,0.0,0.0,1.0,0.0,0.0,0.0,0.0,0.0,0.0,0.0,0.0,0.0,0.0,1.0,0.0,0.0,0.0,1.0,0.0,0.0,0.0,0.0,0.0,1.0,0.0,0.0,0.0,1,0.0,0.0,0.0,0.0,0.0,Phil Collinson,Russell T Davies,6:59pm,17,2005-06-18,"As the Dalek fleet begin their attack on the Earth, the Doctor and his allies make one final stand against his greatest foes and not everyone will make it out alive.",9,00:45:30,27-13,9.1,27,44.0,The Parting of the Ways,6.91,5788,Sat
80,James Hawes,1,0,0,0,0,0.0,0.0,0.0,0.0,0.0,0.0,0.0,0.0,0.0,0.0,1.0,0.0,0.0,0.0,1.0,0.0,0.0,0.0,1.0,0.0,0.0,0.0,0.0,0.0,1.0,0.0,0.0,0.0,1,0.0,0.0,0.0,0.0,0.0,Phil Collinson,Russell T Davies,7:02pm,9,2005-12-25,"It's Christmas Eve, but this is to be a far from silent night - the cruel Sycorax have come to Earth to enslave mankind and, as ever, only The Doctor can stop them. Unfortunately, he's lying in a coma in Jackie's home...",10,00:58:55,28-0,8.2,28,43.5,The Christmas Invasion,9.84,5291,Sun
31,James Hawes,1,0,0,0,0,0.0,0.0,0.0,0.0,0.0,0.0,0.0,0.0,0.0,0.0,0.0,0.0,0.0,0.0,1.0,0.0,0.0,0.0,1.0,0.0,0.0,0.0,0.0,0.0,1.0,0.0,0.0,0.0,1,0.0,0.0,0.0,0.0,0.0,Phil Collinson,Russell T Davies,7:16pm,9,2006-04-15,The Doctor and Rose arrive on New Earth and meet old friends and enemies in a hospital which can cure every disease. But the cures come at a terrible cost.,10,00:44:05,28-1,7.5,28,40.2,New Earth,8.62,4891,Sat
65,Euros Lyn,1,0,0,0,0,0.0,0.0,0.0,0.0,0.0,0.0,0.0,0.0,0.0,0.0,0.0,0.0,0.0,0.0,0.0,0.0,0.0,0.0,0.0,0.0,0.0,0.0,0.0,0.0,1.0,0.0,0.0,0.0,1,0.0,0.0,0.0,0.0,0.0,Phil Collinson,Russell T Davies,7:18pm,10,2006-04-22,"The Doctor and Rose are transported to 19th Century Scotland, where they meet Queen Victoria, and try to protect her from a ravenous werewolf and a band of assassinating warrior-monks",10,00:44:30,28-2,7.9,28,42.9,Tooth and Claw,9.24,5041,Sat
104,James Hawes,1,0,0,0,0,0.0,0.0,0.0,0.0,0.0,0.0,0.0,0.0,0.0,0.0,0.0,0.0,0.0,0.0,0.0,0.0,0.0,0.0,1.0,0.0,0.0,0.0,0.0,0.0,1.0,0.0,1.0,0.0,1,0.0,0.0,0.0,0.0,0.0,Phil Collinson,Toby Whithouse,7:23pm,12,2006-04-29,"The Krillitanes - aliens with a mix-and-match physiology - are trying to crack the 'God-Maker', a paradigm to give them ultimate power. They are using children as a computer, and only the Doctor and Rose, re-united with Sarah Jane Smith and K9 can prevent them from becoming masters of time and space.",10,00:44:10,28-3,8.4,28,41.6,School Reunion,8.31,5397,Sat
132,Euros Lyn,1,0,0,0,0,0.0,0.0,0.0,0.0,0.0,0.0,0.0,0.0,0.0,0.0,0.0,0.0,0.0,0.0,0.0,0.0,0.0,0.0,1.0,0.0,0.0,0.0,0.0,0.0,1.0,0.0,0.0,0.0,1,0.0,0.0,0.0,0.0,0.0,Phil Collinson,Steven Moffat,6:59pm,13,2006-05-06,"The Doctor, Mickey and Rose land on a spaceship in the 51st century only to find 18th century Versailles on board, the time of Madame De Pompadour! To find out what's going on the Doctor must enter Versailles and save Madame De Popmpadour but it turns into an emotional roller coaster for the Doctor.",10,00:44:40,28-4,9.3,28,38.1,The Girl in the Fireplace,7.90,8504,Sat
23,Graeme Harper,1,0,0,0,0,0.0,0.0,0.0,0.0,0.0,0.0,1.0,0.0,0.0,0.0,0.0,0.0,0.0,0.0,1.0,0.0,0.0,0.0,1.0,0.0,0.0,0.0,0.0,0.0,1.0,0.0,0.0,0.0,1,0.0,0.0,0.0,0.0,0.0,Phil Collinson,Tom MacRae,7:23pm,6,2006-05-13,"The TARDIS crash lands in London on a parallel world, where Rose's dad is still alive, people are disappearing off the streets and one of the Doctor's deadliest enemies is about to be reborn.",10,00:46:05,28-5,7.8,28,43.7,Rise of the Cybermen,9.22,4688,Sat
56,Graeme Harper,1,0,0,0,0,0.0,0.0,0.0,0.0,0.0,0.0,1.0,0.0,0.0,0.0,0.0,0.0,0.0,0.0,1.0,0.0,0.0,0.0,1.0,0.0,0.0,0.0,0.0,0.0,1.0,0.0,0.0,0.0,1,0.0,0.0,0.0,0.0,0.0,Phil Collinson,Tom MacRae,6:38pm,15,2006-05-20,The Cybermen take control of London as the population is enslaved and the Doctor and his friends become fugitives.,10,00:45:50,28-6,7.9,28,37.8,The Age of Steel,7.64,4636,Sat
95,Euros Lyn,1,0,0,0,0,0.0,0.0,0.0,0.0,0.0,0.0,0.0,0.0,0.0,0.0,0.0,0.0,0.0,0.0,0.0,0.0,0.0,0.0,0.0,0.0,0.0,0.0,0.0,0.0,1.0,0.0,0.0,0.0,1,0.0,0.0,0.0,0.0,0.0,Phil Collinson,Mark Gatiss,7:00pm,18,2006-05-27,"As the coronation of Elizabeth II nears, the streets of London live in fear. Faceless people are stolen from their homes in the night and something evil is lurking in the television.",10,00:45:10,28-7,6.9,28,33.4,The Idiot's Lantern,6.76,4814,Sat
108,James Strong,1,0,0,0,0,0.0,0.0,0.0,0.0,0.0,0.0,0.0,0.0,0.0,0.0,0.0,0.0,0.0,0.0,0.0,0.0,0.0,0.0,0.0,0.0,1.0,0.0,0.0,0.0,1.0,0.0,0.0,0.0,1,0.0,0.0,0.0,0.0,0.0,Phil Collinson,Matt Jones,7:00pm,18,2006-06-03,"When the Doctor and Rose become stranded on a planet orbiting a black hole, they find a human expedition crew and their servants, the Ood, being terrorised by the Devil.",10,00:45:20,28-8,8.7,28,41.0,The Impossible Planet,6.32,5399,Sat
11,James Strong,1,0,0,0,0,0.0,0.0,0.0,0.0,0.0,0.0,0.0,0.0,0.0,0.0,0.0,0.0,0.0,0.0,0.0,0.0,0.0,0.0,0.0,0.0,1.0,0.0,0.0,0.0,1.0,0.0,0.0,0.0,1,0.0,0.0,0.0,0.0,0.0,Phil Collinson,Matt Jones,7:01pm,19,2006-06-10,"The Doctor risks his life to investigate the pit and is forced to make a terrible decision, while Rose and the crew fend for their lives against the Legion of the Beast.",10,00:47:10,28-9,8.8,28,38.0,The Satan Pit,6.08,5609,Sat
39,Dan Zeff,1,0,0,0,0,0.0,1.0,0.0,0.0,0.0,0.0,0.0,0.0,0.0,0.0,0.0,0.0,0.0,0.0,1.0,0.0,0.0,0.0,0.0,0.0,0.0,0.0,0.0,0.0,1.0,0.0,0.0,0.0,1,0.0,0.0,0.0,0.0,0.0,Phil Collinson,Russell T Davies,7:00pm,15,2006-06-17,"Elton Pope is an ordinary man intrigued by the world of the Doctor. When he and fellow enthusiasts - L.I.N.D.A. - meet the mysterious Victor Kennedy, their lives will never be the same again.",10,00:45:05,28-10,6.2,28,39.7,Love and Monsters,6.66,5738,Sat
74,Euros Lyn,1,0,0,0,0,0.0,0.0,0.0,0.0,0.0,0.0,0.0,0.0,0.0,0.0,0.0,0.0,0.0,0.0,0.0,0.0,0.0,0.0,0.0,0.0,0.0,0.0,0.0,0.0,1.0,0.0,0.0,0.0,1,0.0,0.0,0.0,0.0,0.0,Phil Collinson,Matthew Graham,7:02pm,20,2006-06-24,"When children vanish into thin air in 2012 London, the Doctor and Rose find the answers in a seemingly ordinary household and a girl whose drawings can come to life.",10,00:43:50,28-11,6.1,28,41.2,Fear Her,7.14,5047,Sat
4,Graeme Harper,1,0,0,0,0,0.0,0.0,0.0,0.0,0.0,0.0,1.0,0.0,0.0,0.0,0.0,0.0,0.0,0.0,1.0,0.0,0.0,0.0,1.0,0.0,0.0,0.0,0.0,0.0,1.0,0.0,0.0,0.0,1,0.0,0.0,0.0,0.0,0.0,Phil Collinson,Russell T Davies,7:01pm,7,2006-07-01,"When ghosts of loved ones appear all over the world the Doctor traces the phenomena to the Torchwood Tower, where some old friends and enemies are waiting.",10,00:43:20,28-12,8.5,28,45.1,Army of Ghosts,8.19,4885,Sat
139,Graeme Harper,1,0,0,0,0,0.0,0.0,0.0,0.0,0.0,0.0,1.0,0.0,0.0,0.0,0.0,0.0,0.0,0.0,1.0,0.0,0.0,0.0,1.0,0.0,0.0,0.0,0.0,0.0,1.0,0.0,0.0,0.0,1,0.0,0.0,0.0,0.0,0.0,Phil Collinson,Russell T Davies,6:59pm,8,2006-07-08,"Earth becomes a battleground for the Daleks and the Cybermen. With the whole planet at stake and the Genesis Ark activated, how much will the Doctor sacrifice in order to end the war?",10,00:46:25,28-13,9.3,28,44.5,Doomsday,8.22,6836,Sat
81,Euros Lyn,1,0,0,0,0,0.0,0.0,0.0,0.0,0.0,0.0,0.0,0.0,0.0,1.0,1.0,0.0,0.0,0.0,0.0,0.0,0.0,0.0,0.0,0.0,0.0,0.0,0.0,0.0,0.0,0.0,0.0,0.0,1,0.0,0.0,0.0,0.0,0.0,Phil Collinson,Russell T Davies,7:00pm,10,2006-12-25,"The Doctor is baffled when a young woman is transported to the TARDIS on her wedding day, and attempts to find out how she is connected to an alien plot to destroy Earth.",10,01:00:00,29-0,7.6,29,37.9,The Runaway Bride,9.38,4991,Mon
117,Charles Palmer,1,0,0,0,0,0.0,0.0,0.0,0.0,0.0,0.0,0.0,0.0,0.0,0.0,0.0,0.0,0.0,0.0,0.0,1.0,0.0,1.0,0.0,0.0,0.0,0.0,0.0,0.0,0.0,0.0,0.0,0.0,1,0.0,0.0,0.0,0.0,0.0,Phil Collinson,Russell T Davies,7:00pm,9,2007-03-31,"When the hospital she works at is transported to the moon, medical student Martha Jones joins forces with The Doctor to hunt down an alien fugitive before the oxygen runs out.",10,00:44:25,29-1,8.0,29,40.7,Smith and Jones,8.71,4869,Sat
133,Charles Palmer,1,0,0,0,0,0.0,0.0,0.0,0.0,0.0,0.0,0.0,0.0,0.0,0.0,0.0,0.0,0.0,0.0,0.0,0.0,0.0,1.0,0.0,0.0,0.0,0.0,0.0,0.0,0.0,0.0,0.0,0.0,1,0.0,0.0,0.0,0.0,0.0,Phil Collinson,Gareth Roberts,6:59pm,14,2007-04-07,"The Doctor takes Martha to London in 1599, where William Shakespeare's new play is being used by three witches in an evil plan.",10,00:45:35,29-2,7.8,29,36.9,The Shakespeare Code,7.23,4925,Sat
25,Richard Clark,1,0,0,0,0,0.0,0.0,0.0,0.0,0.0,0.0,0.0,0.0,0.0,0.0,0.0,0.0,0.0,0.0,0.0,0.0,0.0,1.0,0.0,0.0,0.0,0.0,0.0,0.0,0.0,0.0,0.0,0.0,1,0.0,0.0,0.0,0.0,0.0,Phil Collinson,Russell T Davies,7:40pm,7,2007-04-14,"The Doctor takes Martha to New Earth, where she is kidnapped by two carjackers and taken to an underground Motorway, where the remainder of humanity on the planet live in perpetual gridlock.",10,00:44:58,29-3,8.1,29,40.4,Gridlock,8.40,5037,Sat
58,James Strong,1,0,0,0,0,0.0,0.0,0.0,0.0,0.0,0.0,0.0,0.0,0.0,0.0,0.0,0.0,0.0,0.0,0.0,0.0,0.0,1.0,0.0,0.0,0.0,0.0,0.0,0.0,0.0,0.0,0.0,0.0,1,0.0,0.0,0.0,0.0,0.0,Phil Collinson,Helen Raynor,6:36pm,18,2007-04-21,"The Doctor and Martha travel to New York in 1930, where people have been mysteriously vanishing from the streets, and an old enemy resurfaces.",10,00:46:55,29-4,7.0,29,36.4,Daleks in Manhattan,6.69,4589,Sat
97,James Strong,1,0,0,0,0,0.0,0.0,0.0,0.0,0.0,0.0,0.0,0.0,0.0,0.0,0.0,0.0,0.0,0.0,0.0,0.0,0.0,1.0,0.0,0.0,0.0,0.0,0.0,0.0,0.0,0.0,0.0,0.0,1,0.0,0.0,0.0,0.0,0.0,Phil Collinson,Helen Raynor,6:44pm,17,2007-04-28,"Concluding part to Daleks in Manhattan. In 1930s New York, the Daleks' plan is in full force. Faced with the cyborgs' most evil and dangerous scheme yet, will the Doctor and Martha be able to defeat their greatest opponents?",10,00:46:25,29-5,7.0,29,39.2,Evolution of the Daleks,6.97,4611,Sat
129,Richard Clark,1,0,0,0,0,0.0,0.0,0.0,0.0,0.0,0.0,0.0,0.0,0.0,0.0,0.0,0.0,0.0,0.0,0.0,0.0,0.0,1.0,0.0,0.0,0.0,0.0,0.0,0.0,0.0,0.0,0.0,0.0,1,0.0,0.0,0.0,0.0,0.0,Phil Collinson,Stephen Greenhorn,7:00pm,12,2007-05-05,The famous Dr Lazarus has appeared to discover the secret of eternal youth - but do his experiments hide a sinister secret?,10,00:43:00,29-6,6.7,29,38.8,The Lazarus Experiment,7.19,4652,Sat
49,Graeme Harper,1,0,0,0,0,0.0,0.0,0.0,0.0,0.0,0.0,0.0,0.0,0.0,0.0,0.0,0.0,0.0,0.0,0.0,0.0,0.0,1.0,0.0,0.0,0.0,0.0,0.0,0.0,0.0,0.0,0.0,0.0,1,0.0,0.0,0.0,0.0,0.0,Phil Collinson,Chris Chibnall,7:15pm,16,2007-05-19,"On a spaceship headed straight for the centre of the sun, the Doctor only has 42 minutes to save Martha and the ship's crew from an inevitable doom.",10,00:45:25,29-7,7.5,29,37.1,42,7.41,4458,Sat
90,Charles Palmer,1,0,0,0,0,0.0,0.0,0.0,0.0,0.0,0.0,0.0,0.0,0.0,0.0,0.0,0.0,0.0,0.0,0.0,0.0,0.0,1.0,0.0,0.0,0.0,0.0,0.0,0.0,0.0,0.0,0.0,0.0,1,0.0,0.0,0.0,0.0,0.0,Susie Liggat,Paul Cornell,7:11pm,13,2007-05-26,"In 1913, Martha watches in jealousy from afar as The Doctor learns what it is to be human and to fall in love with the local school nurse, Joan Redfern.",10,00:45:00,29-8,9.0,29,38.0,Human Nature,7.74,5818,Sat
53,Charles Palmer,1,0,0,0,0,0.0,0.0,0.0,0.0,0.0,0.0,0.0,0.0,0.0,0.0,0.0,0.0,0.0,0.0,0.0,0.0,0.0,1.0,0.0,0.0,0.0,0.0,0.0,0.0,0.0,0.0,0.0,0.0,1,0.0,0.0,0.0,0.0,0.0,Susie Liggat,Paul Cornell,7:12pm,13,2007-06-02,"The Doctor must deal with the repercussions of his decision to become human, as The Family Of Blood unveil themselves...",10,00:42:55,29-9,9.2,29,40.9,Family of Blood,7.21,6456,Sat
145,Hettie MacDonald,1,0,0,0,0,0.0,0.0,0.0,0.0,0.0,0.0,0.0,0.0,0.0,0.0,0.0,0.0,0.0,0.0,0.0,0.0,0.0,1.0,0.0,0.0,0.0,0.0,0.0,0.0,0.0,0.0,0.0,0.0,1,0.0,0.0,0.0,0.0,0.0,Phil Collinson,Steven Moffat,7:10pm,16,2007-06-09,Sally Sparrow receives a cryptic message from the Doctor about a mysterious new enemy species that is after the TARDIS.,10,00:43:40,29-10,9.8,29,38.4,Blink,6.62,16398,Sat
36,Graeme Harper,1,0,0,0,0,0.0,0.0,0.0,1.0,0.0,0.0,0.0,0.0,0.0,0.0,0.0,1.0,0.0,0.0,0.0,0.0,0.0,1.0,0.0,0.0,0.0,0.0,0.0,0.0,1.0,0.0,0.0,0.0,1,1.0,0.0,0.0,0.0,0.0,Phil Collinson,Russell T Davies,7:15pm,14,2007-06-16,"Soon after bumping into old friend Jack Harkness, Martha and The Doctor head off to Malcassairo, a distant planet where an old professor will do anything he can to keep his people alive...",10,00:45:50,29-11,8.8,29,38.2,Utopia,7.84,5221,Sat
71,Colin Teague,1,0,0,0,0,0.0,0.0,0.0,1.0,0.0,0.0,0.0,0.0,0.0,0.0,0.0,1.0,0.0,0.0,0.0,0.0,0.0,1.0,0.0,0.0,0.0,0.0,0.0,0.0,0.0,0.0,0.0,0.0,1,1.0,0.0,0.0,0.0,0.0,Phil Collinson,Russell T Davies,7:15pm,11,2007-06-23,"The Doctor, Martha and Jack return to the 21st Century eighteen months after the Doctor and Martha left. They find they've missed the election, and the new Prime Minister, Harold Saxon, is someone they've met before by another name.",10,00:46:10,29-12,8.7,29,40.0,The Sound of Drums,7.51,5275,Sat
114,Colin Teague,1,0,0,0,0,0.0,0.0,0.0,1.0,0.0,0.0,0.0,0.0,0.0,0.0,0.0,0.0,0.0,0.0,0.0,0.0,0.0,1.0,0.0,0.0,0.0,0.0,0.0,0.0,0.0,0.0,0.0,0.0,1,1.0,0.0,0.0,0.0,0.0,Phil Collinson,Russell T Davies,7:05pm,10,2007-06-30,"It's been a year since The Master unleashed the mysterious Toclafane onto Earth. With the human race and The Doctor enslaved under The Master's control, Martha Jones is the only person that can help stop the evil Time Lord.",10,00:51:25,29-13,8.4,29,40.6,Last of the Time Lords,8.61,5541,Sat
82,James Strong,1,0,0,0,0,0.0,0.0,0.0,0.0,0.0,0.0,0.0,0.0,0.0,0.0,0.0,0.0,0.0,0.0,0.0,0.0,0.0,0.0,0.0,0.0,0.0,0.0,0.0,0.0,0.0,0.0,0.0,0.0,1,0.0,0.0,0.0,0.0,0.0,Phil Collinson,Russell T Davies,6:51pm,2,2007-12-25,"A spacecraft set on an apocalyptic collision course with Earth, a host of killer robot angels and an evil severed headed mastermind - it's just another Christmas for the Doctor... 2007 Christmas special guest starring Kylie Minogue.",10,01:11:50,30-0,7.7,30,51.6,Voyage of the Damned,13.31,5146,Tue
125,James Strong,1,0,0,0,0,0.0,0.0,0.0,0.0,0.0,0.0,0.0,0.0,0.0,1.0,0.0,0.0,0.0,0.0,0.0,0.0,0.0,0.0,0.0,0.0,0.0,0.0,0.0,0.0,1.0,0.0,0.0,0.0,1,0.0,0.0,0.0,0.0,0.0,Phil Collinson,Russell T Davies,6:19pm,10,2008-04-05,"With a new weight-loss pill tested in London by Adipose Industries, The Doctor goes to investigate the sinister truth behind the product, only to find out that his old friend Donna Noble is investigating as well.",10,00:48:30,30-1,7.8,30,41.3,Partners in Crime,9.14,4802,Sat
19,Colin Teague,1,0,0,0,0,0.0,0.0,0.0,0.0,0.0,0.0,0.0,0.0,0.0,1.0,0.0,0.0,0.0,0.0,0.0,0.0,0.0,0.0,0.0,0.0,0.0,0.0,0.0,0.0,0.0,0.0,0.0,0.0,1,0.0,0.0,0.0,0.0,0.0,Phil Collinson,James Moran,6:46pm,10,2008-04-12,"Instead in Rome, The Doctor and Donna Noble end up visiting Pompeii in AD 79, on the eve of the catastrophic eruption of Mount Vesuvius, before anyone even knew it was actually a volcano.The entire city is doomed for destruction.",10,00:48:15,30-2,8.1,30,38.8,The Fires of Pompeii,9.04,4942,Sat
47,Graeme Harper,1,0,0,0,0,0.0,0.0,0.0,0.0,0.0,0.0,0.0,0.0,0.0,1.0,0.0,0.0,0.0,0.0,0.0,0.0,0.0,0.0,0.0,0.0,1.0,0.0,0.0,0.0,0.0,0.0,0.0,0.0,1,0.0,0.0,0.0,0.0,0.0,Susie Liggat,Keith Temple,6:19pm,12,2008-04-19,"Finding themselves on the Ood-Sphere planet in the 42nd century, The Doctor and Donna discover the truth over the Ood's willingness to serve humankind.",10,00:43:35,30-3,8.1,30,35.2,Planet of the Ood,7.50,4737,Sat
87,Douglas Mackinnon,1,0,0,0,0,0.0,0.0,0.0,0.0,0.0,0.0,0.0,0.0,0.0,1.0,0.0,0.0,0.0,0.0,0.0,0.0,0.0,1.0,0.0,0.0,0.0,0.0,0.0,0.0,0.0,0.0,0.0,0.0,1,0.0,0.0,0.0,0.0,0.0,Susie Liggat,Helen Raynor,6:19pm,17,2008-04-26,UNIT's newest recruit Martha Jones enlists The Doctor's help to investigate kid genius Luke Rattigan and his ATMOS system that is used in every car on Earth.,10,00:44:30,30-4,7.5,30,36.9,The Sontaran Stratagem,7.06,4232,Sat
109,Douglas Mackinnon,1,0,0,0,0,0.0,0.0,0.0,0.0,0.0,0.0,0.0,0.0,0.0,1.0,0.0,0.0,0.0,0.0,0.0,0.0,0.0,1.0,0.0,0.0,0.0,0.0,0.0,0.0,1.0,0.0,0.0,0.0,1,0.0,0.0,0.0,0.0,0.0,Susie Liggat,Helen Raynor,6:19pm,18,2008-05-03,"With planet Earth choking under the poison sky, the Doctor must stop the Sontarans' threat to the planet.",10,00:44:40,30-5,7.6,30,34.3,The Poison Sky,6.53,4206,Sat
12,Alice Troughton,1,0,0,0,0,0.0,0.0,0.0,0.0,0.0,0.0,0.0,0.0,0.0,1.0,0.0,0.0,0.0,0.0,0.0,0.0,0.0,1.0,0.0,0.0,0.0,0.0,0.0,0.0,0.0,0.0,0.0,0.0,1,0.0,0.0,0.0,0.0,0.0,Phil Collinson,Stephen Greenhorn,6:44pm,10,2008-05-10,"Caught in the middle of a war between the Humans and the Hath in the planet Messaline, the Doctor finds himself once again a father.",10,00:45:10,30-6,7.7,30,40.1,The Doctor's Daughter,7.33,4777,Sat
40,Graeme Harper,1,0,0,0,0,0.0,0.0,0.0,0.0,0.0,0.0,0.0,0.0,0.0,1.0,0.0,0.0,0.0,0.0,0.0,0.0,0.0,0.0,0.0,0.0,0.0,0.0,0.0,0.0,0.0,0.0,0.0,0.0,1,0.0,0.0,0.0,0.0,0.0,Susie Liggat,Gareth Roberts,6:58pm,7,2008-05-17,"With a 1926 dinner party turning into a murder mystery, The Doctor and Donna Noble get the chance to meet Agatha Christie on the eve of her well-known 9-days disappearance.",10,00:44:40,30-7,7.8,30,37.8,The Unicorn and the Wasp,8.41,4667,Sat
118,Euros Lyn,1,0,0,0,0,0.0,0.0,0.0,0.0,0.0,0.0,0.0,0.0,0.0,1.0,0.0,0.0,0.0,0.0,0.0,0.0,0.0,0.0,0.0,0.0,0.0,0.0,0.0,0.0,0.0,0.0,0.0,0.0,1,0.0,0.0,0.0,0.0,0.0,Phil Collinson,Steven Moffat,7:02pm,27,2008-05-31,The Doctor and Donna join a group of archaeologists at a 51st century library. What caused the library to become abandoned? What are the Nodes? And what links the library to one little girl? All they have is one warning - count the shadows.,10,00:43:00,30-8,9.4,30,27.7,Silence in the Library,6.27,6979,Sat
134,Euros Lyn,1,0,0,0,0,0.0,0.0,0.0,0.0,0.0,0.0,0.0,0.0,0.0,1.0,0.0,0.0,0.0,0.0,0.0,0.0,0.0,0.0,0.0,0.0,0.0,0.0,0.0,0.0,0.0,0.0,0.0,0.0,1,0.0,0.0,0.0,0.0,0.0,Phil Collinson,Steven Moffat,7:00pm,10,2008-06-07,"With the library darkening, the Doctor takes on the Vashta Nerada while figuring out what links River Song to his future. Meanwhile, Donna finds out the mystery of Dr. Moon and the Girl.",10,00:45:20,30-9,9.5,30,42.1,Forest of the Dead,7.84,7282,Sat
26,Alice Troughton,1,0,0,0,0,0.0,0.0,0.0,0.0,0.0,0.0,0.0,0.0,0.0,1.0,0.0,0.0,0.0,0.0,0.0,0.0,0.0,0.0,0.0,0.0,0.0,0.0,0.0,0.0,1.0,0.0,0.0,0.0,1,0.0,0.0,0.0,0.0,0.0,Phil Collinson,Russell T Davies,7:10pm,5,2008-06-14,"As part of a well-deserved holiday, the Doctor takes a tour on a planet called Midnight. Little does he know that something is knocking on the walls, although the planet shouldn't be inhabited. Soon the passengers begin to panic when one of them is possessed.",10,00:43:50,30-10,9.0,30,39.8,Midnight,8.05,6405,Sat
59,Graeme Harper,1,0,0,0,0,0.0,0.0,0.0,0.0,0.0,0.0,0.0,0.0,0.0,1.0,0.0,0.0,0.0,0.0,0.0,0.0,0.0,0.0,0.0,0.0,0.0,0.0,0.0,0.0,1.0,0.0,0.0,0.0,1,0.0,0.0,0.0,0.0,0.0,Susie Liggat,Russell T Davies,6:38pm,4,2008-06-21,"What would happen if Donna never met the Doctor? How would Earth handle the Racnoss, the falling Titanic or the Sontarans? Aided by a familiar blonde time traveler, Donna corrects the alternate time line from happening.",10,00:49:25,30-11,8.9,30,38.1,Turn Left,8.09,5414,Sat
98,Graeme Harper,1,0,0,0,0,0.0,0.0,0.0,1.0,0.0,0.0,0.0,0.0,0.0,1.0,0.0,0.0,0.0,0.0,0.0,1.0,0.0,1.0,0.0,0.0,0.0,0.0,0.0,0.0,1.0,0.0,1.0,0.0,1,0.0,0.0,0.0,0.0,0.0,Phil Collinson,Russell T Davies,7:11pm,2,2008-06-28,"The return of an old enemy leaves Earth along with 26 other planets stolen from their places. As the Doctor and Donna look for the whereabouts of Earth, former companions of the Doctor assemble a resistance against the new Dalek Empire.",10,00:45:40,30-12,9.1,30,42.1,The Stolen Earth,8.78,5385,Sat
127,Graeme Harper,1,0,0,0,0,0.0,0.0,0.0,1.0,0.0,0.0,0.0,0.0,0.0,1.0,0.0,0.0,0.0,0.0,1.0,0.0,0.0,1.0,1.0,0.0,0.0,0.0,0.0,0.0,1.0,0.0,1.0,0.0,1,0.0,0.0,0.0,0.0,0.0,Phil Collinson,Russell T Davies,6:40pm,1,2008-07-05,"In the wake of Davros' threat to destroy the existence of the Universe itself, the Doctor's companions unite to stop the Dalek empire. Which one will die by the prophecies and what will the fate be for the Doctor?",10,01:03:05,30-13,9.1,30,48.7,Journey's End,10.57,6242,Sat
107,Adam Smith,0,1,0,0,0,1.0,0.0,0.0,0.0,0.0,0.0,0.0,0.0,0.0,0.0,0.0,0.0,0.0,0.0,0.0,0.0,0.0,0.0,0.0,0.0,0.0,0.0,0.0,1.0,0.0,0.0,0.0,0.0,1,0.0,0.0,0.0,0.0,0.0,Tracie Simpson,Steven Moffat,6:21pm,3,2010-04-03,"With his TARDIS in ruins, the newly-regenerated Doctor with the help of Amy Pond must save the world in less than twenty minutes from galactic policemen known as the Atraxi.",11,01:02:35,31-1,8.8,31,39.7,The Eleventh Hour,10.08,6254,Sat
9,Andrew Gunn,0,1,0,0,0,1.0,0.0,0.0,0.0,0.0,0.0,0.0,0.0,0.0,0.0,0.0,0.0,0.0,0.0,0.0,0.0,0.0,0.0,0.0,0.0,0.0,0.0,0.0,0.0,0.0,0.0,0.0,0.0,1,0.0,0.0,0.0,0.0,0.0,Peter Bennett,Steven Moffat,6:20pm,10,2010-04-10,"The Doctor takes Amy to the future inside Starship UK, which contains in addition to British explorers, an intimidating race known as the Smilers.",11,00:41:25,31-2,7.6,31,38.9,The Beast Below,8.42,4837,Sat
37,Andrew Gunn,0,1,0,0,0,1.0,0.0,0.0,0.0,0.0,0.0,0.0,0.0,0.0,0.0,0.0,0.0,0.0,0.0,0.0,0.0,0.0,0.0,0.0,0.0,0.0,0.0,0.0,0.0,0.0,0.0,0.0,0.0,1,0.0,0.0,0.0,0.0,0.0,Peter Bennett,Mark Gatiss,6:29pm,11,2010-04-17,"The TARDIS takes The Doctor and Amy to war-torn Britain in the middle of World War Two. Not only do they meet Winston Churchill himself, but the Doctor comes face to face once again with his greatest enemy of all.",11,00:41:15,31-3,6.8,31,37.4,Victory of the Daleks,7.82,4722,Sat
72,Adam Smith,0,1,0,0,0,1.0,0.0,0.0,0.0,0.0,0.0,0.0,0.0,0.0,0.0,0.0,0.0,0.0,0.0,0.0,0.0,0.0,0.0,0.0,0.0,0.0,0.0,1.0,0.0,0.0,0.0,0.0,0.0,1,0.0,0.0,0.0,0.0,0.0,Tracie Simpson,Steven Moffat,6:23pm,8,2010-04-24,"The Doctor and Amy emerge from the TARDIS to find the wreck of the Byzantium spaceship. Down below the Weeping Angels are stirring, but the Doctor has someone else to contend with; none other than the mysterious Professor River Song.",11,00:40:55,31-4,8.7,31,41.2,The Time of Angels,8.59,5288,Sat
5,Adam Smith,0,1,0,0,0,1.0,0.0,0.0,0.0,0.0,0.0,0.0,0.0,0.0,0.0,0.0,0.0,0.0,0.0,0.0,0.0,0.0,0.0,0.0,0.0,0.0,0.0,1.0,0.0,0.0,0.0,0.0,0.0,1,0.0,0.0,0.0,0.0,0.0,Tracie Simpson,Steven Moffat,6:27pm,11,2010-05-01,"The Doctor, Amy, Dr. Song and the remaining soldiers manage to escape from the crashed ship and into the forest. The Angels attempt to create a rift in time and space much as the Doctor had found in Amy's room when they first met. Amy meanwhile is counting down from 10 minutes and the Doctor has determined that an Angel has taken over her mind.",11,00:41:40,31-5,8.6,31,38.2,Flesh and Stone,8.50,4795,Sat
140,Jonny Campbell,0,1,0,0,0,1.0,0.0,0.0,0.0,0.0,0.0,0.0,0.0,0.0,0.0,0.0,0.0,0.0,0.0,0.0,0.0,0.0,0.0,0.0,0.0,0.0,0.0,0.0,1.0,0.0,0.0,0.0,0.0,1,0.0,0.0,0.0,0.0,0.0,Patrick Schweitzer,Toby Whithouse,5:59pm,12,2010-05-08,The Doctor and Amy cross swords in more ways than one with a horde of blood-sucking vampires in 16th century Venice.,11,00:47:25,31-6,7.1,31,34.8,The Vampires of Venice,7.68,4491,Sat
32,Catherine Morshead,0,1,0,0,0,1.0,0.0,0.0,0.0,0.0,0.0,0.0,0.0,0.0,0.0,0.0,0.0,0.0,0.0,0.0,0.0,0.0,0.0,0.0,0.0,0.0,0.0,0.0,1.0,0.0,0.0,0.0,0.0,1,0.0,0.0,0.0,0.0,0.0,Tracie Simpson,Simon Nye,6:24pm,13,2010-05-15,"Five years after finally leaving the TARDIS Amy and Rory now married, live in the quiet little village of Leadworth. But everything is not what it would seem.",11,00:43:25,31-7,8.2,31,37.4,Amy's Choice,7.55,4788,Sat
66,Ashley Way,0,1,0,0,0,1.0,0.0,0.0,0.0,0.0,0.0,0.0,0.0,0.0,0.0,0.0,0.0,0.0,0.0,0.0,0.0,0.0,0.0,0.0,0.0,0.0,0.0,0.0,1.0,0.0,0.0,0.0,0.0,1,0.0,0.0,0.0,0.0,0.0,Peter Bennett,Chris Chibnall,6:18pm,19,2010-05-22,"The Doctor tries to get everyone to Rio, but nothing quite goes as planned. They arrive in a small Welsh village where the Doctor immediately senses that the ground isn't quite right. There is a drilling rig nearby that has reached a depth of 21 kilometers when odd things begin to happen. A local village man has disappeared and soon after Amy is swallowed into the ground. The Doctor realizes that the drilling has disturbed an ancient reptilian race that has lived deep underground for thousands upon thousands of years and who are determined to protect themselves ...",11,00:42:50,31-8,7.3,31,39.8,The Hungry Earth,6.49,4208,Sat
105,Ashley Way,0,1,0,0,0,1.0,0.0,0.0,0.0,0.0,0.0,0.0,0.0,0.0,0.0,0.0,0.0,0.0,0.0,0.0,0.0,0.0,0.0,0.0,0.0,0.0,0.0,0.0,1.0,0.0,0.0,0.0,0.0,1,0.0,0.0,0.0,0.0,0.0,Peter Bennett,Chris Chibnall,7:01pm,9,2010-05-29,"The Doctor and Nasreen Chaudry go deep underground and find an ancient society that has been disturbed by the drilling. They are gassed and taken prisoner just as Amy manages to free herself. The military commander of the underground reptilians, Restac, is convinced that the ""apes' - their term for humans - are an invading force. Calmer heads prevail and the Doctor manages to negotiate a truce pending the transfer of prisoners which he, and some of the more pacifist members of the reptilians, hopes will lead to a lasting peace. The only problem is that Alaya, the ...",11,00:44:55,31-9,7.5,31,31.9,Cold Blood,7.49,4206,Sat
128,Jonny Campbell,0,1,0,0,0,1.0,0.0,0.0,0.0,0.0,0.0,0.0,0.0,0.0,0.0,0.0,0.0,0.0,0.0,0.0,0.0,0.0,0.0,0.0,0.0,0.0,0.0,0.0,0.0,0.0,0.0,0.0,0.0,1,0.0,0.0,0.0,0.0,0.0,Patrick Schweitzer,Richard Curtis,6:41pm,17,2010-06-05,The Doctor and Amy travel back in time to meet Vincent Van Gogh and face an invisible monster that only the painter can see.,11,00:46:05,31-10,9.3,31,35.5,Vincent and the Doctor,6.76,8393,Sat
20,Catherine Morshead,0,1,0,0,0,1.0,0.0,0.0,0.0,0.0,0.0,0.0,0.0,0.0,0.0,0.0,0.0,0.0,0.0,0.0,0.0,0.0,0.0,0.0,0.0,0.0,0.0,0.0,0.0,0.0,0.0,0.0,0.0,1,0.0,0.0,0.0,0.0,0.0,Tracie Simpson,Gareth Roberts,6:47pm,20,2010-06-12,"No sooner does the TARDIS land on Earth that it leaves again - but without the Doctor who had just stepped outside. The Doctor soon finds himself at the home of Craig Owens, who has been advertising for a lodger. There's clearly something odd in the house with people being lured to the upstairs room, but never reappearing. The Doctor is having a good time of it and is having a bit of fun; he proves to be a rather good football player. Craig the landlord is very much in love with Sophie but can't quite bring himself to tell her. The Doctor tries to help them out. But ...",11,00:41:15,31-11,8.3,31,28.5,The Lodger,6.44,4737,Sat
48,Toby Haynes,0,1,0,0,0,1.0,0.0,0.0,0.0,0.0,0.0,0.0,1.0,0.0,0.0,0.0,0.0,0.0,0.0,0.0,1.0,0.0,0.0,0.0,0.0,0.0,0.0,1.0,1.0,0.0,0.0,0.0,0.0,1,0.0,0.0,0.0,0.0,0.0,Peter Bennett,Steven Moffat,6:39pm,10,2010-06-19,"River Song returns to deliver The Doctor a serious warning from his allies: the mythical Pandorica, said to contain the most feared creature in the entire Universe, is opening.",11,00:48:40,31-12,9.1,31,37.1,The Pandorica Opens,7.58,5408,Sat
88,Toby Haynes,0,1,0,0,0,1.0,0.0,0.0,0.0,0.0,0.0,0.0,0.0,0.0,0.0,0.0,0.0,0.0,0.0,0.0,0.0,0.0,0.0,0.0,0.0,0.0,0.0,1.0,1.0,0.0,0.0,0.0,0.0,1,0.0,0.0,0.0,0.0,0.0,Peter Bennett,Steven Moffat,6:06pm,10,2010-06-26,"The Pandorica opened, silence fell, and now planet Earth is left alone in the universe. Jumping through time, the doctor must figure out a way to bring back those who never were and save his friends from the collapse of reality.",11,00:53:40,31-13,9.2,31,36.9,The Big Bang,6.70,5616,Sat
83,Toby Haynes,0,1,0,0,0,1.0,0.0,0.0,0.0,0.0,0.0,0.0,0.0,0.0,0.0,0.0,0.0,0.0,0.0,0.0,0.0,0.0,0.0,0.0,0.0,0.0,0.0,0.0,1.0,0.0,0.0,0.0,0.0,1,0.0,0.0,0.0,0.0,0.0,Sanne Wohlenberg,Steven Moffat,6:01pm,4,2010-12-25,"A space liner, with a large number of passengers aboard, is in difficulties while flying through the atmosphere of an unknown planet. Amy and Rory have been spending some time on board in the honeymoon suite and they quickly appear on deck. Amy calls the doctor for help and the TARDIS soon appears ahead of the ship. However the Doctor cannot save them and the only other option is to land on the planet below. There the Doctor meets a Scrooge like figure by the name of Kazran Sardick, the only person that can save Amy, Rory and all the other lives on the Spacecraft. The...",11,01:02:04,32-0,8.6,32,41.8,A Christmas Carol,12.11,5707,Sat
69,Toby Haynes,0,1,0,0,0,1.0,0.0,0.0,0.0,0.0,0.0,0.0,0.0,0.0,0.0,0.0,0.0,0.0,0.0,0.0,0.0,0.0,0.0,0.0,0.0,0.0,0.0,1.0,1.0,0.0,0.0,0.0,0.0,1,0.0,0.0,0.0,0.0,0.0,Marcus Wilson,Steven Moffat,6:01pm,6,2011-04-23,"The Doctor, Amy, Rory and River Song are reunited in the Utah desert.",11,00:43:45,32-1,8.9,32,43.3,The Impossible Astronaut,8.86,5536,Sat
113,Toby Haynes,0,1,0,0,0,1.0,0.0,0.0,0.0,0.0,0.0,0.0,0.0,0.0,0.0,0.0,0.0,0.0,0.0,0.0,0.0,0.0,0.0,0.0,0.0,0.0,0.0,1.0,1.0,0.0,0.0,0.0,0.0,1,0.0,0.0,0.0,0.0,0.0,Marcus Wilson,Steven Moffat,6:00pm,15,2011-04-30,The Doctor and his allies mount a rebellion against invaders who have been controlling humanity from the very beginning.,11,00:46:14,32-2,8.9,32,36.7,Day of the Moon,7.30,5083,Sat
136,Jeremy Webb,0,1,0,0,0,1.0,0.0,0.0,0.0,0.0,0.0,0.0,0.0,0.0,0.0,0.0,0.0,0.0,0.0,0.0,0.0,0.0,0.0,0.0,0.0,0.0,0.0,0.0,1.0,0.0,0.0,0.0,0.0,1,0.0,0.0,0.0,0.0,0.0,Marcus Wilson,Steve Thompson,6:15pm,11,2011-05-07,"The Doctor, Amy and Rory find themselves aboard a marooned pirate ship whose crew is being picked off one by one by a beautiful - and deadly - Siren.",11,00:44:51,32-3,6.8,32,35.5,Curse of the Black Spot,7.85,4478,Sat
28,Richard Clark,0,1,0,0,0,1.0,0.0,0.0,0.0,0.0,0.0,0.0,0.0,0.0,0.0,0.0,0.0,0.0,0.0,0.0,0.0,0.0,0.0,0.0,0.0,0.0,0.0,0.0,1.0,0.0,0.0,0.0,0.0,1,0.0,0.0,0.0,0.0,0.0,Sanne Wohlenberg,Neil Gaiman,6:30pm,22,2011-05-14,The Doctor is lured to a sentient asteroid outside of the Universe by a Time Lord distress signal and soon realises his TARDIS is in grave danger.,11,00:45:51,32-4,9.0,32,34.7,The Doctor's Wife,7.97,5989,Sat
61,Julian Simpson,0,1,0,0,0,1.0,0.0,0.0,0.0,0.0,0.0,0.0,0.0,0.0,0.0,0.0,0.0,0.0,0.0,0.0,0.0,0.0,0.0,0.0,0.0,0.0,0.0,0.0,1.0,0.0,0.0,0.0,0.0,1,0.0,0.0,0.0,0.0,0.0,Marcus Wilson,Matthew Graham,6:45pm,13,2011-05-21,"A solar tsunami sends the TARDIS crew to an acid mining factory in the 22nd century, where a small team of workers come under attack from their doppelgangers.",11,00:43:19,32-5,7.3,32,34.1,The Rebel Flesh,7.35,3925,Sat
100,Julian Simpson,0,1,0,0,0,1.0,0.0,0.0,0.0,0.0,0.0,0.0,0.0,0.0,0.0,0.0,0.0,0.0,0.0,0.0,0.0,0.0,0.0,0.0,0.0,0.0,0.0,0.0,1.0,0.0,0.0,0.0,0.0,1,0.0,0.0,0.0,0.0,0.0,Marcus Wilson,Matthew Graham,6:45pm,21,2011-05-28,The gangers and humans battle for their lives as the factory crumbles and the Doctor tries to keep the peace - can everyone make it off the island alive?,11,00:45:08,32-6,7.5,32,29.5,The Almost People,6.72,3876,Sat
121,Peter Hoar,0,1,0,0,0,1.0,0.0,0.0,0.0,0.0,0.0,1.0,0.0,0.0,0.0,0.0,0.0,0.0,0.0,0.0,0.0,0.0,0.0,0.0,0.0,0.0,0.0,1.0,1.0,0.0,0.0,0.0,0.0,1,0.0,0.0,0.0,0.0,0.0,Marcus Wilson,Steven Moffat,6:40pm,21,2011-06-04,A member of The Doctor's team has been abducted and he will call in every favor and maybe even go to war to get them back.,11,00:48:12,32-7,9.1,32,31.0,A Good Man Goes to War,7.51,5716,Sat
93,Richard Senior,0,1,0,0,0,1.0,0.0,0.0,0.0,0.0,0.0,0.0,0.0,0.0,0.0,0.0,0.0,0.0,0.0,0.0,0.0,0.0,0.0,0.0,0.0,0.0,0.0,1.0,1.0,0.0,0.0,0.0,0.0,1,0.0,0.0,0.0,0.0,0.0,Marcus Wilson,Steven Moffat,7:09pm,11,2011-08-27,"The search for Melody Pond brings the Doctor and his friends to Berlin in 1938, face-to-face with Adolf Hitler, River Song and a justice-serving, shapeshifting robot.",11,00:48:08,32-8,8.1,32,33.3,Let's Kill Hitler,8.10,4519,Sat
111,Richard Clark,0,1,0,0,0,1.0,0.0,0.0,0.0,0.0,0.0,0.0,0.0,0.0,0.0,0.0,0.0,0.0,0.0,0.0,0.0,0.0,0.0,0.0,0.0,0.0,0.0,0.0,1.0,0.0,0.0,0.0,0.0,1,0.0,0.0,0.0,0.0,0.0,Sanne Wohlenberg,Mark Gatiss,7:01pm,19,2011-09-03,"Receiving a powerful distress call from a terrified little boy, the Doctor and his friends soon find that the monsters in his cupboard are real - and deadly.",11,00:42:34,32-9,7.1,32,29.8,Night Terrors,7.07,3836,Sat
14,Nick Hurran,0,1,0,0,0,1.0,0.0,0.0,0.0,0.0,0.0,0.0,0.0,0.0,0.0,0.0,0.0,0.0,0.0,0.0,0.0,0.0,0.0,0.0,0.0,0.0,0.0,0.0,1.0,0.0,0.0,0.0,0.0,1,0.0,0.0,0.0,0.0,0.0,Marcus Wilson,Tom MacRae,7:14pm,13,2011-09-10,"Amy is trapped in a quarantine facility where time moves faster than in reality, while the Doctor is confined to the TARDIS. Can Rory save his wife in time?",11,00:46:02,32-10,8.5,32,38.8,The Girl Who Waited,7.60,4521,Sat
42,Nick Hurran,0,1,0,0,0,1.0,0.0,0.0,0.0,0.0,0.0,0.0,0.0,0.0,0.0,0.0,0.0,0.0,0.0,0.0,0.0,0.0,0.0,0.0,0.0,0.0,0.0,0.0,1.0,0.0,0.0,0.0,0.0,1,0.0,0.0,1.0,0.0,0.0,Marcus Wilson,Toby Whithouse,7:11pm,18,2011-09-17,"The Doctor, Amy and Rory become trapped in a hotel of horrors unable to escape and unable to find the TARDIS. The Doctor must save as many people as he can taking many twists and seeing his own worst fear.",11,00:47:54,32-11,8.1,32,28.3,The God Complex,6.77,4188,Sat
76,Steve Hughes,0,1,0,0,0,1.0,0.0,0.0,0.0,0.0,0.0,1.0,0.0,0.0,0.0,0.0,0.0,0.0,0.0,0.0,0.0,0.0,0.0,0.0,0.0,0.0,0.0,1.0,1.0,0.0,0.0,0.0,1.0,1,0.0,0.0,0.0,0.0,0.0,0,Gareth Roberts,7:10pm,20,2011-09-24,"The Doctor makes one last stop before his death to see an old friend. But people are disappearing, there are reports of a silver rat and metal men are lurking in the shadows.",11,00:45:11,32-12,7.7,32,29.4,Closing Time,6.93,3924,Sat
7,Jeremy Webb,0,1,0,0,0,1.0,0.0,0.0,0.0,0.0,0.0,0.0,0.0,0.0,0.0,0.0,0.0,0.0,0.0,0.0,0.0,0.0,0.0,0.0,0.0,0.0,0.0,1.0,1.0,0.0,0.0,0.0,1.0,1,0.0,0.0,0.0,0.0,0.0,Marcus Wilson,Steven Moffat,7:05pm,16,2011-10-01,"April 22nd, 2011; 5:02pm. Having finally accepted his fate the Doctor travels to Lake Silencio for his final day. But one woman refuses to let time take its course.",11,00:45:22,32-13,8.6,32,32.0,The Wedding of River Song,7.67,4890,Sat
84,Farren Blackburn,0,1,0,0,0,1.0,0.0,0.0,0.0,0.0,0.0,0.0,0.0,0.0,0.0,0.0,0.0,0.0,0.0,0.0,0.0,0.0,0.0,0.0,0.0,0.0,0.0,0.0,1.0,0.0,0.0,0.0,0.0,1,0.0,0.0,0.0,0.0,0.0,Marcus Wilson,Steven Moffat,6:59pm,3,2011-12-25,"It's Christmas Eve, 1938, when Madge Arwell comes to the aid of an injured Spaceman Angel as she cycles home. He promises to repay her kindness - all she has to do is make a wish. Three years later, a devastated Madge escapes war-torn London with her two children for a dilapidated house in Dorset. She is crippled with grief at the news her husband has been lost over the channel, but determined to give Lily and Cyril the best Christmas ever. The Arwells are surprised to be greeted by a madcap caretaker whose mysterious Christmas gift leads them into a magical wintry ...",11,00:58:22,33-0,7.3,33,37.3,"The Doctor, the Widow, and the Wardrobe",10.77,4240,Sun
8,Nick Hurran,0,1,0,0,0,1.0,0.0,0.0,0.0,0.0,0.0,0.0,0.0,0.0,0.0,0.0,0.0,0.0,0.0,0.0,0.0,0.0,0.0,0.0,0.0,0.0,0.0,0.0,1.0,0.0,0.0,0.0,0.0,1,0.0,0.0,0.0,0.0,0.0,Marcus Wilson,Steven Moffat,7:21pm,6,2012-09-01,"The Doctor, along with Amy and Rory who are headed for divorce, are kidnapped by the Daleks. They find themselves before the Dalek Parliament and the Doctor is quite surprised when he learns why: they want him to save them. A ship has crashed on the one place they will not go - the Asylum, where mad Daleks are sent to spend the rest of their days. Once there, they are assisted by the only survivor of the crash, Oswin, who has been there for a year awaiting rescue and making souffl√©s to pass the time. Which leads the Doctor to ask the most important question of all: ...",11,00:48:50,33-1,8.7,33,34.4,Asylum of the Daleks,8.33,5729,Sat
141,Saul Metzstein,0,1,0,0,0,1.0,0.0,0.0,0.0,0.0,0.0,0.0,0.0,0.0,0.0,0.0,0.0,0.0,0.0,0.0,0.0,0.0,0.0,0.0,0.0,0.0,0.0,0.0,1.0,0.0,0.0,0.0,0.0,1,0.0,0.0,0.0,0.0,0.0,Marcus Wilson,Chris Chibnall,7:36pm,9,2012-09-08,"After a lengthy absence, the Doctor returns to Earth and scoops up up Amy and Rory for yet another adventure. He also manages somehow to include Rory's dad, Brian Williams. Those aren't the only travelers however as Queen Nefertiti and big-game hunter John Riddell are also on board. The TARDIS next reappears on board a large ship and the Doctor is delighted to find a cargo of prehistoric dinosaurs on board. Using the ship's computers, Amy determines that the ship's crew is nowhere to be found. There is someone on board however who has no intention of giving up his ...",11,00:45:10,33-2,7.5,33,31.9,Dinosaurs on a Spaceship,7.57,4676,Sat
34,Saul Metzstein,0,1,0,0,0,1.0,0.0,0.0,0.0,0.0,0.0,0.0,0.0,0.0,0.0,0.0,0.0,0.0,0.0,0.0,0.0,0.0,0.0,0.0,0.0,0.0,0.0,0.0,1.0,0.0,0.0,0.0,0.0,1,0.0,0.0,0.0,0.0,0.0,Marcus Wilson,Toby Whithouse,7:36pm,9,2012-09-15,"The Doctor gets a Stetson and a gun, and finds himself the reluctant Sheriff of a Western town under siege by a relentless cyborg who goes by the name of The Gunslinger. But who is he and what does he want?",11,00:44:10,33-3,7.5,33,33.4,A Town Called Mercy,8.42,4452,Sat
67,0,0,1,0,0,0,1.0,0.0,0.0,0.0,0.0,0.0,0.0,0.0,0.0,0.0,0.0,0.0,0.0,0.0,0.0,0.0,0.0,0.0,0.0,0.0,0.0,0.0,0.0,1.0,0.0,0.0,0.0,0.0,1,0.0,0.0,0.0,0.0,0.0,Marcus Wilson,Chris Chibnall,7:31pm,13,2012-09-22,"Earth is suddenly visited by millions of small black cubes of unknown origin. The Doctor joins Amy, Rory and Rory's father, Brian, to help discover what these cubes bring for humanity.",11,00:41:15,33-4,7.6,33,31.8,The Power of Three,7.67,4279,Sat
106,Nick Hurran,0,1,0,0,0,1.0,0.0,0.0,0.0,0.0,0.0,0.0,0.0,0.0,0.0,0.0,0.0,0.0,0.0,0.0,0.0,0.0,0.0,0.0,0.0,0.0,0.0,1.0,1.0,0.0,0.0,0.0,0.0,1,0.0,0.0,1.0,0.0,0.0,Marcus Wilson,Steven Moffat,7:20pm,13,2012-09-29,"The Doctor takes Amy and Rory to New York, where the Weeping Angels are waiting for them. River Song returns.",11,00:44:15,33-5,9.0,33,32.0,The Angels Take Manhattan,7.82,6253,Sat
77,Saul Metzstein,0,1,0,0,0,0.0,0.0,0.0,0.0,1.0,0.0,0.0,0.0,0.0,0.0,0.0,0.0,0.0,0.0,0.0,0.0,0.0,0.0,0.0,0.0,0.0,0.0,0.0,0.0,0.0,0.0,0.0,0.0,1,0.0,0.0,0.0,0.0,0.0,Marcus Wilson,Steven Moffat,5:14pm,9,2012-12-25,"London, 1892. Snow is trying to evolve, feeding off of the nightmares of a little girl. But the Doctor has given up on saving the world. It is up to a young governess named Clara to convince him, with just one word, to save the day.",11,00:59:44,33-6,8.5,33,38.8,The Snowmen,9.87,5154,Tue
115,Colm McCarthy,0,1,0,0,0,0.0,0.0,0.0,0.0,1.0,0.0,0.0,0.0,0.0,0.0,0.0,0.0,0.0,0.0,0.0,0.0,0.0,0.0,0.0,0.0,0.0,0.0,0.0,0.0,0.0,0.0,0.0,0.0,1,0.0,0.0,0.0,0.0,0.0,Denise Paul,Steven Moffat,6:14pm,8,2013-03-30,"A chance phone call reunites the Doctor with Clara in the present day. A mysterious organization, lead by the evil Miss Kizlet, sends robots known as ""Spoonheads"" to steal the minds of people who use the company's WiFi. The Doctor and Clara must work together to find the location of the organization and destroy it before the whole world is trapped by the WiFi.",11,00:45:24,33-7,8.0,33,35.8,The Bells of Saint John,8.44,4377,Sat
130,Farren Blackburn,0,1,0,0,0,0.0,0.0,0.0,0.0,1.0,0.0,0.0,0.0,0.0,0.0,0.0,0.0,0.0,0.0,0.0,0.0,0.0,0.0,0.0,0.0,0.0,0.0,0.0,0.0,0.0,0.0,0.0,0.0,1,0.0,0.0,0.0,0.0,0.0,Denise Paul,Neil Cross,6:15pm,16,2013-04-06,"Still not quite able to explain just who she is, the Doctor and Clara set off on their first adventure. He takes her to see the Rings of Akhaten and its famous pyramid. The residents of the 7 planets rotating around the same sun all believe the pyramid is the source of all life in the universe. There are quite a few visitors there for the Festival of Offering and Clara and helps a young girl, Merry, to have the confidence to perform an important ceremony to sooth and keep the Old God asleep. When Merry is drawn into the pyramid the Doctor and Clara go after her. When ...",11,00:43:44,33-8,7.4,33,34.8,The Rings of Akhaten,7.45,4763,Sat
21,Douglas Mackinnon,0,1,0,0,0,0.0,0.0,0.0,0.0,1.0,0.0,0.0,0.0,0.0,0.0,0.0,0.0,0.0,0.0,0.0,0.0,0.0,0.0,0.0,0.0,0.0,0.0,0.0,0.0,0.0,0.0,0.0,0.0,1,0.0,0.0,0.0,0.0,0.0,Marcus Wilson,Mark Gatiss,6:03pm,15,2013-04-13,"The Doctor and Clara find themselves dealing with Cold War tensions when the TARDIS lands aboard a disabled Soviet ballistic submarine. The Doctor isn't the only alien being on board however - while engaged in undersea drilling, Professor Grisenko thought he'd found a mammoth and brought the creature on the boat encased in ice. It isn't a mammoth but an Ice Warrior, who has been lying dormant for 5000 years. He identifies himself as Grand Marshal Skaldak but when he cannot contact others of his kind, he assumes he is the last of his race. He now has every intention of...",11,00:41:37,33-9,7.3,33,31.4,Cold War,7.37,4000,Sat
54,Jamie Payne,0,1,0,0,0,0.0,0.0,0.0,0.0,1.0,0.0,0.0,0.0,0.0,0.0,0.0,0.0,0.0,0.0,0.0,0.0,0.0,0.0,0.0,0.0,0.0,0.0,0.0,0.0,0.0,0.0,0.0,0.0,1,0.0,0.0,0.0,0.0,0.0,Marcus Wilson,Neil Cross,6:44pm,19,2013-04-20,"The Doctor and Clara arrive at an old manor house in 1974 where Alec Palmer and Emma Grayling are investigating the existence of a ghost. Alec is a former army Major, now a psychologist, whilst Emma is an empathic psychic who can not only sense the presence of paranormal beings, but can sense their feelings as well. Palmer explains the house has been haunted for hundreds of years, and the ghost - a woman - is likely much older. Emma senses the ghost is very lonely, but the Doctor realises she's not a ghost at all, but a creature trapped in a zone where time moves much...",11,00:44:44,33-10,7.8,33,29.2,Hide,6.61,3970,Sat
92,Mat King,0,1,0,0,0,0.0,0.0,0.0,0.0,1.0,0.0,0.0,0.0,0.0,0.0,0.0,0.0,0.0,0.0,0.0,0.0,0.0,0.0,0.0,0.0,0.0,0.0,0.0,0.0,0.0,0.0,0.0,0.0,1,0.0,0.0,0.0,0.0,0.0,Marcus Wilson,Steve Thompson,6:29pm,21,2013-04-27,"The Doctor and Clara find themselves aboard a space freighter that has taken the TARDIS on-board as salvage. While the Doctor is ejected, Clara finds herself wandering through the vehicle exploring it's many - seemingly infinite - rooms. The Doctor re-enters the TARDIS accompanied by three workers from the salvage ship and they have but 30 minutes to find her. There are creatures in the depths of the TARDIS and the time travel machine will do whatever it takes to protect itself. There is a rupture in time however and the TARDIS is leaking recent history....which the ...",11,00:44:42,33-11,7.5,33,30.2,Journey to the Centre of the TARDIS,6.52,3981,Sat
122,Saul Metzstein,0,1,0,0,0,0.0,0.0,0.0,0.0,1.0,0.0,0.0,0.0,0.0,0.0,0.0,0.0,0.0,0.0,0.0,0.0,0.0,0.0,0.0,0.0,0.0,0.0,0.0,0.0,0.0,0.0,0.0,0.0,1,0.0,0.0,0.0,0.0,0.0,Marcus Wilson,Mark Gatiss,6:29pm,20,2013-05-04,The Doctor and Clara arrive in 19th century Yorkshire where moral crusader Mrs Gillyflower is recruiting beautiful people for her idyllic garden city. At the same time rigid corpses dyed red are piling up and the brother of one of the victims seeks help from Madame Vastra. She and her party travel to Yorkshire where they rescue Doctor Who and Clara from the clutches of Mrs Gillyflower. They discover that the woman is a fanatical exponent of ethnic cleansing who plans to do away with those who do not meet her standards - even her daughter Ada. The Doctor and his allies...,11,00:44:40,33-12,7.4,33,31.5,The Crimson Horror,6.47,3800,Sat
16,Stephen Woolfenden,0,1,0,0,0,0.0,0.0,0.0,0.0,1.0,0.0,1.0,0.0,0.0,0.0,0.0,0.0,0.0,0.0,0.0,0.0,0.0,0.0,0.0,0.0,0.0,0.0,0.0,0.0,0.0,0.0,0.0,0.0,1,0.0,0.0,0.0,0.0,0.0,Denise Paul,Neil Gaiman,7:01pm,22,2013-05-11,"Hedgewick's World of Wonders was once the greatest theme park in the galaxy, but it's now the dilapidated home to a shabby showman, a chess playing dwarf and a dysfunctional army platoon. When the Doctor, Clara, Artie and Angie arrive, the last thing they expect is the re-emergence of one of the Doctor's oldest foes. The Cybermen are back!",11,00:44:32,33-13,7.4,33,27.1,Nightmare in Silver,6.64,3811,Sat
44,Saul Metzstein,0,1,0,0,0,0.0,0.0,0.0,0.0,1.0,0.0,0.0,0.0,0.0,0.0,0.0,0.0,0.0,0.0,0.0,0.0,0.0,0.0,0.0,0.0,0.0,0.0,1.0,0.0,0.0,0.0,0.0,0.0,1,0.0,1.0,0.0,0.0,0.0,Denise Paul,Steven Moffat,6:59pm,10,2013-05-18,"The Doctor's friends are being kidnapped, which leads him to the fields of Trenzalore, where his greatest secret will be revealed and Clara's mystery will be solved.",11,00:44:20,33-14,9.1,33,31.7,The Name of the Doctor,7.45,6126,Sat
70,Ben Wheatley,0,0,1,0,0,0.0,0.0,0.0,0.0,1.0,0.0,0.0,0.0,0.0,0.0,0.0,0.0,0.0,0.0,0.0,0.0,0.0,0.0,0.0,0.0,0.0,0.0,0.0,0.0,0.0,0.0,0.0,0.0,1,0.0,0.0,0.0,0.0,0.0,Nikki Wilson,Steven Moffat,7:52pm,2,2014-08-23,"When the newly-regenerated doctor arrives in Victorian London, he finds a dinosaur rampant in the Thames and a spate of deadly spontaneous combustions.",12,01:16:26,34-1,8.0,34,37.9,Deep Breath,9.17,6505,Sat
116,Ben Wheatley,0,0,1,0,0,0.0,0.0,0.0,0.0,1.0,0.0,0.0,1.0,1.0,0.0,0.0,0.0,0.0,0.0,0.0,0.0,0.0,0.0,0.0,0.0,0.0,0.0,0.0,0.0,0.0,0.0,0.0,0.0,1,0.0,0.0,0.0,0.0,0.0,Nikki Wilson,Steven Moffat,7:30pm,9,2014-08-30,The Doctor and Clara find themselves inside of a supposedly good Dalek.,12,00:45:00,34-2,7.8,34,30.4,Into the Dalek,7.29,4995,Sat
138,Paul Murphy,0,0,1,0,0,0.0,0.0,0.0,0.0,1.0,0.0,0.0,0.0,0.0,0.0,0.0,0.0,0.0,0.0,0.0,0.0,0.0,0.0,0.0,0.0,0.0,0.0,0.0,0.0,0.0,0.0,0.0,0.0,1,0.0,0.0,0.0,0.0,0.0,Nikki Wilson,Mark Gatiss,7:31pm,10,2014-09-06,"In Sherwood Forest, the Doctor uncovers a sinister alien plot and forms an alliance with Robin Hood. With Nottingham at stake, the Doctor must decide who is real and who is fake.",12,00:46:16,34-3,7.1,34,31.1,Robot of Sherwood,7.28,5127,Sat
24,Douglas Mackinnon,0,0,1,0,0,0.0,0.0,0.0,0.0,1.0,0.0,0.0,0.0,1.0,0.0,0.0,0.0,0.0,0.0,0.0,0.0,0.0,0.0,0.0,0.0,0.0,0.0,0.0,0.0,0.0,0.0,0.0,0.0,1,0.0,1.0,0.0,0.0,0.0,Peter Bennett,Steven Moffat,7:31pm,7,2014-09-13,"When ghosts of past and future crowd into their lives, The Doctor and Clara are thrown into an adventure that takes them to the very end of the universe.",12,00:47:50,34-4,8.9,34,29.6,Listen,7.01,6451,Sat
57,Douglas Mackinnon,0,0,1,0,0,0.0,0.0,0.0,0.0,1.0,0.0,0.0,0.0,1.0,0.0,0.0,0.0,0.0,0.0,0.0,0.0,0.0,0.0,0.0,0.0,0.0,0.0,0.0,0.0,0.0,0.0,0.0,0.0,1,0.0,0.0,0.0,0.0,0.0,Peter Bennett,Steven Moffat,7:33pm,14,2014-09-20,The Doctor and Clara must break into the most secure bank in the universe.,12,00:45:22,34-5,8.0,34,29.6,Time Heist,6.99,4573,Sat
96,Paul Murphy,0,0,1,0,0,0.0,0.0,0.0,0.0,1.0,0.0,0.0,0.0,1.0,0.0,0.0,0.0,0.0,0.0,0.0,0.0,0.0,0.0,0.0,0.0,0.0,0.0,0.0,0.0,0.0,0.0,0.0,0.0,1,0.0,0.0,0.0,0.0,0.0,Nikki Wilson,Steven Moffat,8:29pm,20,2014-09-27,"The terrifying Skovox Blitzer is ready to destroy all humanity - but worse, and any second now, Danny Pink and the Doctor are going to meet.",12,00:45:20,34-6,7.4,34,26.4,The Caretaker,6.82,4001,Sat
124,Paul Wilmshurst,0,0,1,0,0,0.0,0.0,0.0,0.0,1.0,0.0,0.0,0.0,1.0,0.0,0.0,0.0,0.0,0.0,0.0,0.0,0.0,0.0,0.0,0.0,0.0,0.0,0.0,0.0,0.0,0.0,0.0,0.0,1,0.0,0.0,0.0,0.0,0.0,Peter Bennett,Peter Harness,8:29pm,20,2014-10-04,"In the near future, the Doctor and Clara find themselves on a space shuttle making a suicide mission to the Moon. Crash-landing on the lunar surface they find the most terrible things.",12,00:45:00,34-7,7.0,34,26.6,Kill the Moon,6.91,4651,Sat
18,Paul Wilmshurst,0,0,1,0,0,0.0,0.0,0.0,0.0,1.0,0.0,0.0,0.0,1.0,0.0,0.0,0.0,0.0,0.0,0.0,0.0,0.0,0.0,0.0,0.0,0.0,0.0,0.0,0.0,0.0,0.0,0.0,0.0,1,0.0,0.0,0.0,0.0,0.0,Peter Bennett,Jamie Mathieson,8:37pm,14,2014-10-11,"On the most beautiful train in history, speeding amongst the stars of the future, a deadly and immortal creature is stalking the passengers.",12,00:46:30,34-8,8.5,34,26.6,Mummy on the Orient Express,7.11,4470,Sat
46,Douglas Mackinnon,0,0,1,0,0,0.0,0.0,1.0,0.0,1.0,0.0,0.0,0.0,1.0,0.0,0.0,0.0,0.0,0.0,0.0,0.0,0.0,0.0,0.0,0.0,0.0,0.0,0.0,0.0,0.0,0.0,0.0,0.0,1,0.0,0.0,0.0,0.0,0.0,Nikki Wilson,Jamie Mathieson,8:24pm,23,2014-10-18,"A problem happens with the Tardis, trapping the Doctor inside and leaving Clara to fend for herself against a two dimensional enemy.",12,00:43:20,34-9,8.5,34,25.5,Flatline,6.71,4280,Sat
86,Sheree Folkson,0,0,1,0,0,0.0,0.0,0.0,0.0,1.0,0.0,0.0,0.0,1.0,0.0,0.0,0.0,0.0,0.0,0.0,0.0,0.0,0.0,0.0,0.0,0.0,0.0,0.0,0.0,0.0,0.0,0.0,0.0,1,0.0,0.0,0.0,0.0,0.0,Paul Frift,Frank Cottrell-Boyce,8:19pm,20,2014-10-25,"One morning in London, and every city and town in the world, the human race wakes up to the most surprising invasion yet: the trees have moved back in. Everywhere, in every land, a forest has grown and taken back the Earth.",12,00:45:10,34-10,6.1,34,26.3,In the Forest of the Night,6.92,4181,Sat
6,Rachel Talalay,0,0,1,0,0,0.0,0.0,0.0,0.0,1.0,0.0,1.0,0.0,1.0,0.0,0.0,0.0,0.0,0.0,0.0,0.0,0.0,0.0,0.0,0.0,0.0,0.0,0.0,0.0,0.0,0.0,0.0,0.0,1,0.0,0.0,0.0,0.0,0.0,Peter Bennett,Steven Moffat,8:15pm,15,2014-11-01,"In the mysterious world of the Nethersphere, plans have been drawn. Old friends and old enemies manoeuvre around the Doctor, and an impossible choice is looming over him.",12,00:46:25,34-11,8.7,34,27.4,Dark Water,7.34,4562,Sat
142,Rachel Talalay,0,0,1,0,0,0.0,0.0,0.0,0.0,1.0,0.0,1.0,0.0,0.0,0.0,0.0,0.0,0.0,0.0,0.0,0.0,1.0,0.0,0.0,0.0,0.0,1.0,0.0,0.0,0.0,0.0,0.0,0.0,1,0.0,0.0,0.0,0.0,0.0,Peter Bennett,Steven Moffat,8:02pm,14,2014-11-08,"With Cybermen on the streets of London, old friends unite against old enemies and the Doctor takes to the air in a startling new role. As the Doctor faces his greatest challenge, sacrifices must be made before the day is won.",12,00:57:00,34-12,7.9,34,28.6,Death in Heaven,7.60,4340,Sat
50,Hettie MacDonald,0,0,1,0,0,0.0,0.0,0.0,0.0,1.0,0.0,0.0,1.0,0.0,0.0,0.0,0.0,0.0,0.0,0.0,0.0,0.0,0.0,0.0,0.0,0.0,0.0,0.0,0.0,0.0,0.0,0.0,0.0,1,0.0,0.0,0.0,0.0,0.0,Peter Bennett,Steven Moffat,7:43pm,13,2015-09-19,"When the skies of Earth are frozen by a mysterious alien force, Clara needs her friend, the Doctor. But where is he and what is he hiding from?",12,00:46:22,35-1,8.5,35,26.3,The Magician's Apprentice,6.54,4716,Sat
91,Hettie MacDonald,0,0,1,0,0,0.0,0.0,0.0,0.0,1.0,0.0,0.0,1.0,0.0,0.0,0.0,0.0,0.0,0.0,0.0,0.0,0.0,0.0,0.0,0.0,0.0,0.0,0.0,0.0,0.0,0.0,0.0,0.0,1,0.0,0.0,0.0,0.0,0.0,Peter Bennett,Steven Moffat,7:45pm,24,2015-09-26,"Trapped and alone in a terrifying Dalek city, the Doctor is at the heart of an evil Empire; no sonic, no TARDIS, nobody to help. With his greatest temptation before him, can the Doctor resist? And will there be mercy?",12,00:47:50,35-2,8.5,35,22.9,The Witch's Familiar,5.71,4109,Sat
110,Daniel O'Hara,0,0,1,0,0,0.0,0.0,0.0,0.0,1.0,0.0,0.0,0.0,0.0,0.0,0.0,0.0,0.0,0.0,0.0,0.0,0.0,0.0,0.0,0.0,0.0,0.0,0.0,0.0,0.0,0.0,0.0,0.0,1,0.0,0.0,0.0,0.0,0.0,Derek Ritchie,Toby Whithouse,8:26pm,22,2015-10-03,"Under a lake a gleaming black spaceship is recovered but there is nothing inside. When the base crew start dying, they discover that ghosts are real. The Doctor and Clara arrive to find the base under siege and the Doctor discovers that this is more than a ghost story.",12,00:43:20,35-3,8.3,35,22.0,Under the Lake,5.63,3931,Sat
13,Daniel O'Hara,0,0,1,0,0,0.0,0.0,0.0,0.0,1.0,0.0,0.0,0.0,0.0,0.0,0.0,0.0,0.0,0.0,0.0,0.0,0.0,0.0,0.0,0.0,0.0,0.0,0.0,0.0,0.0,0.0,0.0,0.0,1,0.0,0.0,0.0,0.0,0.0,Derek Ritchie,Toby Whithouse,8:26pm,21,2015-10-10,"In a town that never was, the Doctor and his friends are being stalked by a mysterious figure. With the past and future in the balance, can the Doctor stop the evil Fisher King? And more importantly, who composed Beethoven's 5th.",12,00:42:25,35-4,8.1,35,26.7,Before The Flood,6.05,3651,Sat
41,Ed Bazalgette,0,0,1,0,0,0.0,0.0,0.0,0.0,1.0,0.0,0.0,0.0,0.0,1.0,0.0,0.0,0.0,0.0,0.0,0.0,0.0,0.0,0.0,0.0,0.0,0.0,0.0,0.0,0.0,0.0,0.0,0.0,1,0.0,0.0,0.0,0.0,0.0,Derek Ritchie,Steven Moffat,8:23pm,18,2015-10-17,"In a Viking village, a girl named Ashildr is about to make a desperate mistake. The Mire are the deadliest mercenaries in the galaxy, famed for showing no mercy and Ashildr has just declared war on them. The Doctor and Clara have 12 hours to turn a peaceful village into strong fighters, ready for the deadly Mire.",12,00:45:45,35-5,7.7,35,28.1,The Girl Who Died,6.56,3733,Sat
75,Ed Bazalgette,0,0,1,0,0,0.0,0.0,0.0,0.0,1.0,0.0,0.0,0.0,0.0,0.0,0.0,0.0,0.0,0.0,0.0,0.0,0.0,0.0,0.0,0.0,0.0,0.0,0.0,0.0,0.0,0.0,0.0,0.0,1,0.0,0.0,0.0,0.0,0.0,Derek Ritchie,Catherine Tregenna,8:21pm,25,2015-10-24,"England, 1651. A deadly highwayman known only as 'The Knightmare' plagues the dark streets of London, his fire-breathing accomplice by his side. There's something clearly more than human here, and that includes the loot as much as the outlaws. Who are these creatures, and are they enemies to be fought, or friends who might possibly save the Doctor from certain doom on the gallows?",12,00:45:50,35-6,7.6,35,24.4,The Woman Who Lived,6.11,3610,Sat
119,Daniel Nettheim,0,0,1,0,0,0.0,0.0,0.0,0.0,1.0,0.0,0.0,0.0,0.0,0.0,0.0,0.0,0.0,0.0,0.0,0.0,1.0,0.0,0.0,0.0,0.0,1.0,0.0,0.0,0.0,0.0,0.0,0.0,1,0.0,1.0,0.0,0.0,1.0,Peter Bennett,Peter Harness,8:17pm,24,2015-10-31,"The fragile peace between the Humans and the Zygons is on a knife edge. Tensions run high as factions within the Zygon community seek to incite violent action against Humans. Called in by UNIT, the Doctor and Clara fight to bring the situation under control. But one question remains: Where on Earth is Osgood?",12,00:46:30,35-7,7.9,35,24.3,The Zygon Invasion,5.76,3454,Sat
137,Daniel Nettheim,0,0,1,0,0,0.0,0.0,0.0,0.0,1.0,0.0,0.0,0.0,0.0,0.0,0.0,0.0,0.0,0.0,0.0,0.0,1.0,0.0,0.0,0.0,0.0,1.0,0.0,0.0,0.0,0.0,0.0,0.0,1,0.0,0.0,0.0,0.0,1.0,Peter Bennett,Steven Moffat,8:00pm,24,2015-11-07,"With the Zygons invading England, and UNIT neutralized, the Doctor stands alone to stop the Zygons from taking over the entire planet. But how can he stop the Zygons? And how can he save his friends?",12,00:46:20,35-8,8.6,35,25.1,The Zygon Inversion,6.03,3775,Sat
33,Justin Molotnikov,0,0,1,0,0,0.0,0.0,0.0,0.0,1.0,0.0,0.0,0.0,0.0,0.0,0.0,0.0,0.0,0.0,0.0,0.0,0.0,0.0,0.0,0.0,0.0,0.0,0.0,0.0,0.0,0.0,0.0,0.0,1,0.0,0.0,0.0,0.0,0.0,Nikki Wilson,Mark Gatiss,8:14pm,28,2015-11-14,"Vision recovered from the wreckage of Le Verrier Space Station shows how the Doctor and Clara became entangled in a rescue mission. As the footage plays out, a horrifying secret is uncovered.",12,00:45:07,35-9,6.0,35,22.6,Sleep No More,5.61,3866,Sat
62,Justin Molotnikov,0,0,1,0,0,0.0,0.0,0.0,0.0,1.0,0.0,0.0,0.0,0.0,0.0,0.0,0.0,0.0,0.0,0.0,0.0,0.0,0.0,0.0,0.0,0.0,0.0,0.0,0.0,0.0,0.0,0.0,0.0,1,0.0,0.0,0.0,0.0,0.0,Nikki Wilson,Sarah Dollard,8:10pm,30,2015-11-21,"The Doctor and Clara are called back to earth when Rigsy discovers a strange tattoo on the back of his neck that appears to be counting down to zero. Their investigation leads them to a hidden street in the middle of London, the discovery that Rigsy has been issued a death sentence, and one of them facing the choice of having to make the ultimate sacrifice; to face the Raven!",12,00:46:55,35-10,8.6,35,23.9,Face The Raven,6.06,4224,Sat
101,Rachel Talalay,0,0,1,0,0,0.0,0.0,0.0,0.0,1.0,0.0,0.0,0.0,0.0,0.0,0.0,0.0,0.0,0.0,0.0,0.0,0.0,0.0,0.0,0.0,0.0,0.0,0.0,0.0,0.0,0.0,0.0,0.0,1,0.0,0.0,0.0,0.0,0.0,Peter Bennett,Steven Moffat,8:06pm,27,2015-11-28,"Trapped in a world unlike any other he has seen, the Doctor faces the greatest challenge of his many lives. One final test. And he must face it alone...",12,00:54:02,35-11,9.6,35,24.9,Heaven Sent,6.19,8256,Sat
126,Rachel Talalay,0,0,1,0,0,0.0,0.0,0.0,0.0,1.0,0.0,0.0,0.0,0.0,0.0,0.0,0.0,0.0,0.0,0.0,0.0,0.0,0.0,0.0,0.0,0.0,0.0,0.0,0.0,0.0,0.0,0.0,0.0,1,0.0,0.0,0.0,0.0,0.0,Peter Bennett,Steven Moffat,8:04pm,29,2015-12-05,"If you took everything from him, betrayed him, trapped him, and broke both his hearts... how far might the Doctor go? Returning to Gallifrey, the Doctor faces the Time Lords in a struggle that will take him to the end of time itself. Who is the Hybrid? And what is the Doctor's confession?",12,01:00:25,35-12,8.7,35,25.7,Hell Bent,6.17,4808,Sat
78,Douglas Mackinnon,0,0,1,0,0,0.0,0.0,0.0,0.0,0.0,0.0,0.0,0.0,0.0,0.0,0.0,0.0,0.0,0.0,0.0,0.0,0.0,0.0,0.0,1.0,0.0,0.0,1.0,0.0,0.0,0.0,0.0,0.0,1,0.0,0.0,0.0,0.0,0.0,Nikki Wilson,Steven Moffat,5:17pm,8,2015-12-25,"When a crashed spaceship calls upon the Doctor for help, he finds himself recruited into River Song's squad and hurled into a chase across the galaxy.",12,00:56:09,35-13,8.6,35,33.9,The Husbands of River Song,7.69,3948,Fri
79,Ed Bazalgette,0,0,1,0,0,0.0,0.0,0.0,0.0,0.0,0.0,0.0,0.0,0.0,0.0,0.0,0.0,0.0,0.0,0.0,0.0,0.0,0.0,0.0,1.0,0.0,0.0,0.0,0.0,0.0,0.0,0.0,0.0,1,0.0,0.0,0.0,0.0,0.0,Peter Bennett,Steven Moffat,5:44pm,9,2016-12-25,"In New York, with brain-swapping aliens poised to attack, the Doctor and Nardole link up with an investigative reporter and a mysterious masked superhero known only as the Ghost. Can the Doctor save Manhattan? And what will be revealed when we see behind the mask?",12,01:00:25,36-0,7.5,36,31.2,The Return of Doctor Mysterio,7.83,3819,Sun
30,Lawrence Gough,0,0,1,0,0,0.0,0.0,1.0,0.0,0.0,0.0,0.0,0.0,0.0,0.0,0.0,0.0,0.0,0.0,0.0,0.0,0.0,0.0,0.0,1.0,0.0,0.0,0.0,0.0,0.0,0.0,0.0,0.0,1,0.0,0.0,0.0,0.0,0.0,Peter Bennett,Steven Moffat,7:21pm,10,2017-04-15,The Doctor and Nardole team up with a university student to take down a sinister life-mimicking alien.,12,00:49:40,36-1,7.9,36,30.6,The Pilot,6.68,3778,Sat
64,Lawrence Gough,0,0,1,0,0,0.0,0.0,1.0,0.0,0.0,0.0,0.0,0.0,0.0,0.0,0.0,0.0,0.0,0.0,0.0,0.0,0.0,0.0,0.0,1.0,0.0,0.0,0.0,0.0,0.0,0.0,0.0,0.0,1,0.0,0.0,0.0,0.0,0.0,Peter Bennett,Frank Cottrell-Boyce,7:21pm,23,2017-04-22,"In the far future, at the edge of the galaxy, there is a gleaming, perfect city. This brand new human settlement is said to hold the secret of human happiness - but the only smiles the Doctor and Bill can find are on a pile of grinning skulls. Something is alive in the walls, and the emojibots are watching from the shadows, as the Doctor and Bill try to unravel a terrifying mystery...",12,00:45:35,36-2,7.2,36,28.5,Smile,5.98,3104,Sat
103,Bill Anderson,0,0,1,0,0,0.0,0.0,1.0,0.0,0.0,0.0,0.0,0.0,0.0,0.0,0.0,0.0,0.0,0.0,0.0,0.0,0.0,0.0,0.0,1.0,0.0,0.0,0.0,0.0,0.0,0.0,0.0,0.0,1,0.0,0.0,0.0,0.0,0.0,Nikki Wilson,Sarah Dollard,7:23pm,25,2017-04-29,The Doctor and Bill visit London during the last of the River Thames frost fairs in February 1814. They soon discover that there is something under the ice which is causing people to disappear.,12,00:44:10,36-3,7.3,36,26.5,Thin Ice,5.61,2965,Sat
131,Bill Anderson,0,0,1,0,0,0.0,0.0,1.0,0.0,0.0,0.0,0.0,0.0,0.0,0.0,0.0,0.0,0.0,0.0,0.0,0.0,0.0,0.0,0.0,1.0,0.0,0.0,0.0,0.0,0.0,0.0,0.0,0.0,1,0.0,0.0,0.0,0.0,0.0,Nikki Wilson,Mike Bartlett,7:21pm,21,2017-05-06,"Bill is moving in with some friends and they've found the perfect house rented by the landlord. The wind blows, the floorboards creak and the Doctor thinks something is very wrong.",12,00:44:28,36-4,7.5,36,27.3,Knock Knock,5.73,2932,Sat
22,Charles Palmer,0,0,1,0,0,0.0,0.0,1.0,0.0,0.0,0.0,0.0,0.0,0.0,0.0,0.0,0.0,0.0,0.0,0.0,0.0,0.0,0.0,0.0,1.0,0.0,0.0,0.0,0.0,0.0,0.0,0.0,0.0,1,0.0,0.0,0.0,0.0,0.0,Nikki Wilson,Jamie Mathieson,7:14pm,26,2017-05-13,"When the Doctor, Bill and Nardole become trapped on a space station without oxygen, they discover the spacesuits are trying to kill them.",12,00:44:45,36-5,8.1,36,26.1,Oxygen,5.27,3022,Sat
55,Daniel Nettheim,0,0,1,0,0,0.0,0.0,1.0,0.0,0.0,0.0,0.0,0.0,0.0,0.0,0.0,0.0,0.0,0.0,0.0,0.0,0.0,0.0,0.0,1.0,0.0,0.0,0.0,0.0,0.0,0.0,0.0,0.0,1,0.0,0.0,0.0,0.0,0.0,Peter Bennett,Steven Moffat,7:27pm,20,2017-05-20,"The Haereticum holds an ancient book known only as The Veritas. Throughout history, anyone who has ever read it has immediately taken their own life. When a new translation is online, spreading danger, the Vatican appeals to the Doctor for help. Will he read The Veritas? But can even the Doctor survive the ultimate truth?",12,00:48:44,36-6,8.5,36,26.4,Extremis,5.53,3112,Sat
94,Daniel Nettheim,0,0,1,0,0,0.0,0.0,1.0,0.0,0.0,0.0,0.0,0.0,0.0,0.0,0.0,0.0,0.0,0.0,0.0,0.0,0.0,0.0,0.0,1.0,0.0,0.0,0.0,0.0,0.0,0.0,0.0,0.0,1,0.0,0.0,0.0,0.0,0.0,Peter Bennett,Steven Moffat,7:51pm,14,2017-05-27,"A 5,000-year-old pyramid appears overnight, baffling everyone including the Doctor.",12,00:46:04,36-7,7.7,36,24.9,The Pyramid at the End of the World,5.79,2650,Sat
0,Wayne Yip,0,0,1,0,0,0.0,0.0,1.0,0.0,0.0,0.0,0.0,0.0,0.0,0.0,0.0,0.0,0.0,0.0,0.0,0.0,0.0,0.0,0.0,1.0,0.0,0.0,0.0,0.0,0.0,0.0,0.0,0.0,1,0.0,0.0,0.0,0.0,0.0,Nikki Wilson,Toby Whithouse,7:38pm,30,2017-06-03,"Earth is invaded and Bill is living alone in occupied Britain. The Doctor appears to be on the side of the enemy, flooding the airwaves with fake news. Bill and Nardole embark on a deadly mission to rescue the Doctor and lead the resistance against the new regime, whatever the cost.",12,00:44:38,36-8,7.2,36,20.3,The Lie of the Land,4.82,2560,Sat
10,Wayne Yip,0,0,1,0,0,0.0,0.0,1.0,0.0,0.0,0.0,0.0,0.0,0.0,0.0,0.0,0.0,0.0,0.0,0.0,0.0,0.0,0.0,0.0,1.0,0.0,0.0,0.0,0.0,0.0,0.0,0.0,0.0,1,0.0,0.0,0.0,0.0,0.0,Nikki Wilson,Mark Gatiss,7:17pm,23,2017-06-10,"The Doctor, Bill and Nardole discover a tomb of the Queen of the Ice Warriors on Mars in 1881.",12,00:43:42,36-9,7.1,36,25.9,Empress of Mars,5.02,2520,Sat
38,Charles Palmer,0,0,1,0,0,0.0,0.0,1.0,0.0,0.0,0.0,0.0,0.0,0.0,0.0,0.0,0.0,0.0,0.0,0.0,0.0,0.0,0.0,0.0,1.0,0.0,0.0,0.0,0.0,0.0,0.0,0.0,0.0,1,0.0,0.0,0.0,0.0,0.0,Nicola Wilson,Rona Munro,6:45pm,26,2017-06-17,"A long time ago, the Roman legion of the ninth vanished into the mists of Scotland. Bill has a theory about what happened, and the Doctor has a time machine. But when they arrive in ancient Aberdeenshire, what they find is a far greater threat than any army. In a cairn, on a hillside, is a doorway leading to the end of the world.",12,00:42:20,36-10,7.0,36,30.3,The Eaters of Light,4.73,2494,Sat
73,Rachel Talalay,0,0,1,0,0,0.0,0.0,1.0,0.0,0.0,0.0,0.0,0.0,0.0,0.0,0.0,0.0,0.0,0.0,0.0,0.0,0.0,0.0,0.0,1.0,0.0,0.0,0.0,0.0,0.0,0.0,0.0,0.0,1,1.0,0.0,0.0,0.0,0.0,Peter Bennett,Steven Moffat,6:45pm,21,2017-06-24,"Trapped on a giant spaceship, caught in the event horizon of a black hole, he witnesses the death of someone he is pledged to protect. Are events already out of control?",12,00:45:41,36-11,9.2,36,28.2,World Enough and Time,5.00,3564,Sat
3,Rachel Talalay,0,0,1,0,0,0.0,0.0,1.0,0.0,0.0,0.0,0.0,0.0,0.0,0.0,0.0,0.0,0.0,0.0,0.0,0.0,0.0,0.0,0.0,1.0,0.0,0.0,0.0,0.0,0.0,0.0,0.0,0.0,1,1.0,0.0,0.0,0.0,0.0,Peter Bennett,Steven Moffat,6:31pm,16,2017-07-01,The Doctor makes a final stand against an army of Cybermen to protect a tiny band of humans from destruction.,12,01:00:27,36-12,9.0,36,31.3,The Doctor Falls,5.30,3584,Sat
1,Jamie Childs,0,0,0,1,0,0.0,0.0,0.0,0.0,0.0,0.0,0.0,0.0,0.0,0.0,0.0,0.0,1.0,1.0,0.0,0.0,0.0,0.0,0.0,0.0,0.0,0.0,0.0,0.0,0.0,1.0,0.0,0.0,1,0.0,0.0,0.0,1.0,0.0,Alex Mercer,Chris Chibnall,6:45pm,1,2018-10-07,"In a South Yorkshire city, Ryan Sinclair, Yasmin Khan and Graham O'Brien are about to have their lives changed forever, as a mysterious woman, unable to remember her own name, falls from the night sky.",13,01:03:04,37-1,7.1,37,45.1,The Woman Who Fell to Earth,10.96,8066,Sun
29,Mark Tonderai,0,0,0,1,0,0.0,0.0,0.0,0.0,0.0,0.0,0.0,0.0,0.0,0.0,0.0,0.0,0.0,1.0,0.0,0.0,0.0,0.0,0.0,0.0,0.0,0.0,0.0,0.0,0.0,1.0,0.0,0.0,1,0.0,0.0,0.0,1.0,0.0,Nicola Wilson,Chris Chibnall,6:55pm,4,2018-10-14,"Still reeling from their first encounter, can the Doctor and her new friends stay alive long enough, in a hostile alien environment, to solve the mystery of Desolation? And just who are Angstrom and Epzo?",13,00:48:47,37-2,6.2,37,37.2,The Ghost Monument,9.00,5928,Sun
63,Mark Tonderai,0,0,0,1,0,0.0,0.0,0.0,0.0,0.0,0.0,0.0,0.0,0.0,0.0,0.0,0.0,0.0,1.0,0.0,0.0,0.0,0.0,0.0,0.0,0.0,0.0,0.0,0.0,0.0,1.0,0.0,0.0,1,0.0,0.0,0.0,1.0,0.0,Alex Mercer,Chris Chibnall,6:55pm,4,2018-10-21,"Montgomery, Alabama, 1955. The Doctor and her friends find themselves in the Deep South of America. As they encounter a seamstress by the name of Rosa Parks, they begin to wonder whether someone is attempting to change history.",13,00:49:38,37-3,7.1,37,33.6,Rosa,8.41,7041,Sun
102,Sallie Aprahamian,0,0,0,1,0,0.0,0.0,0.0,0.0,0.0,0.0,0.0,0.0,0.0,0.0,0.0,0.0,1.0,1.0,0.0,0.0,0.0,0.0,0.0,0.0,0.0,0.0,0.0,0.0,0.0,1.0,0.0,0.0,1,0.0,0.0,0.0,1.0,0.0,Alex Mercer,Chris Chibnall,7:00pm,4,2018-10-28,"The Doctor, Yaz, Graham, and Ryan find their way back to Yorkshire only to find something is stirring amidst the eight-legged arachnid population of Sheffield.",13,00:49:22,37-4,5.3,37,32.9,Arachnids in the UK,8.22,5112,Sun
123,Jennifer Perrott,0,0,0,1,0,0.0,0.0,0.0,0.0,0.0,0.0,0.0,0.0,0.0,0.0,0.0,0.0,0.0,1.0,0.0,0.0,0.0,0.0,0.0,0.0,0.0,0.0,0.0,0.0,0.0,1.0,0.0,0.0,1,0.0,0.0,0.0,1.0,0.0,Alex Mercer,Chris Chibnall,6:59pm,6,2018-11-04,"Injured and stranded in the wilds of a far-flung galaxy, The Doctor, Yaz, Graham, and Ryan must band together with a group of strangers to survive against one of the universe's most deadly - and unusual - creatures.",13,00:50:41,37-5,5.2,37,33.0,The Tsuranga Conundrum,7.76,4684,Sun
17,Jamie Childs,0,0,0,1,0,0.0,0.0,0.0,0.0,0.0,0.0,0.0,0.0,0.0,0.0,0.0,0.0,0.0,1.0,0.0,0.0,0.0,0.0,0.0,0.0,0.0,0.0,0.0,0.0,0.0,1.0,0.0,0.0,1,0.0,0.0,0.0,1.0,0.0,Alex Mercer,Vinay Patel,7:01pm,8,2018-11-11,"Yasmin travels in time to visit her grandmother during her youth in the partition of India, but everyone gets caught up in the tragic bloodshed of that era.",13,00:50:05,37-6,6.6,37,31.4,Demons of the Punjab,7.48,4661,Sun
45,Jennifer Perrott,0,0,0,1,0,0.0,0.0,0.0,0.0,0.0,0.0,0.0,0.0,0.0,0.0,0.0,0.0,0.0,1.0,0.0,0.0,0.0,0.0,0.0,0.0,0.0,0.0,0.0,0.0,0.0,1.0,0.0,0.0,1,0.0,0.0,0.0,1.0,0.0,Alex Mercer,Pete McTighe,6:30pm,9,2018-11-18,"A mysterious message arrives in a package addressed to the Doctor, leading her, Graham, Yaz and Ryan to investigate the warehouse moon orbiting Kandoka, and the home of the galaxy's largest retailer.",13,00:48:50,37-7,6.4,37,31.8,Kerblam!,7.46,3954,Sun
85,Sallie Aprahamian,0,0,0,1,0,0.0,0.0,0.0,0.0,0.0,0.0,0.0,0.0,0.0,0.0,0.0,0.0,0.0,1.0,0.0,0.0,0.0,0.0,0.0,0.0,0.0,0.0,0.0,0.0,0.0,1.0,0.0,0.0,1,0.0,0.0,0.0,1.0,0.0,Alex Mercer,Joy Wilkinson,6:30pm,17,2018-11-25,"Arriving in 17th Century Lancashire, the TARDIS team become embroiled in a witch trial. With the arrival of King James I, the hunt for witches intensifies. However, could something more dangerous be at play? Can the Doctor, Graham, Yaz and Ryan keep the populace of Bilehurst Cragg safe from the forces surrounding the land?",13,00:46:31,37-8,5.9,37,31.5,The Witchfinders,7.21,3635,Sun
52,Jamie Childs,0,0,0,1,0,0.0,0.0,0.0,0.0,0.0,0.0,0.0,0.0,0.0,0.0,0.0,0.0,1.0,1.0,0.0,0.0,0.0,0.0,0.0,0.0,0.0,0.0,0.0,0.0,0.0,1.0,0.0,0.0,1,0.0,0.0,0.0,1.0,0.0,Alex Mercer,Ed Hime,6:31pm,22,2018-12-02,"On the edge of a Norwegian fjord, in the present day, The Doctor, Ryan, Graham and Yaz discover a boarded-up cottage and a girl named Hanne in need of their help. What has happened here? What monster lurks in the woods around the cottage - and beyond?",13,00:49:11,37-9,6.4,37,28.3,It Takes You Away,6.42,3404,Sun
144,Jamie Childs,0,0,0,1,0,0.0,0.0,0.0,0.0,0.0,0.0,0.0,0.0,0.0,0.0,0.0,0.0,0.0,1.0,0.0,0.0,0.0,0.0,0.0,0.0,0.0,0.0,0.0,0.0,0.0,1.0,0.0,0.0,1,0.0,0.0,0.0,1.0,0.0,Alex Mercer,Chris Chibnall,6:25pm,18,2018-12-09,"Answering nine separate distress calls, the Doctor and team arrive on the remnants of a brutal battlefield on the planet Ranskoor Av Kolos. This planet has many secrets. An amnesiac commander? Mysterious mists? Who or what are the Ux? A deadly reckoning awaits the Doctor and team once they have the answers....",13,00:49:40,37-10,5.5,37,29.6,The Battle of Ranskoor Av Kolos,6.65,2949,Sun
2,Wayne Che Yip,0,0,0,1,0,0.0,0.0,0.0,0.0,0.0,0.0,0.0,0.0,0.0,0.0,0.0,0.0,0.0,1.0,0.0,0.0,0.0,0.0,0.0,0.0,0.0,0.0,0.0,0.0,0.0,1.0,0.0,0.0,1,0.0,0.0,0.0,1.0,0.0,Alex Mercer,Chris Chibnall,7:00pm,14,2019-01-01,"As the New Year begins, a terrifying evil is stirring from across the centuries of Earth's history. As the Doctor, Ryan, Graham and Yaz return home, will they be able to overcome the threat to planet Earth?",13,01:00:00,37-11,6.0,37,26.6,Resolution,7.13,2690,Tue
